trial_id,geometry_trial_id,object_name,task_name,mode,policy_variant,benchmark_cell,seed,execution_success,goal_completion_pct,peak_success_count,tracking_success_rate,translation_rmse_m,rotation_rmse_deg,mean_translation_error_m,mean_rotation_error_deg,final_translation_error_m,final_rotation_error_deg,failure_stage,failure_category,error,artifact_dir,trace_path,resolved_baseline_object,eval_returncode,produced_eval_json,replay_artifact_path
0000_claw_hammer_predefined_pretrained,0000_claw_hammer_predefined,claw_hammer,swing_down,predefined,pretrained,predefined + pretrained,0,True,100.0,100,0.01,0.06118210318799278,18.014265132322436,0.055760454725261074,14.24975571656834,0.07908689457855388,4.4321367066224315,,,,experiments/results/thesis_main_6obj_v2_2026-04-14_fullrerun/execution/artifacts/0000_claw_hammer_predefined_pretrained,experiments/results/thesis_main_6obj_v2_2026-04-14_fullrerun/execution/artifacts/0000_claw_hammer_predefined_pretrained/trace.json,claw_hammer,0,True,execution/replay/trials/0000_claw_hammer_predefined_pretrained.json
0001_claw_hammer_llm_lie_x-0p350_y-0p200_pretrained,0001_claw_hammer_llm_lie_x-0p350_y-0p200,claw_hammer,swing_down,llm_lie,pretrained,llm_lie + pretrained,0,True,100.0,100,0.02181818181818182,0.19018033992598338,65.6316521733054,0.1532056223435726,50.403092902652055,0.2537147685769969,101.1060632550749,,,,experiments/results/thesis_main_6obj_v2_2026-04-14_fullrerun/execution/artifacts/0001_claw_hammer_llm_lie_x-0p350_y-0p200_pretrained,experiments/results/thesis_main_6obj_v2_2026-04-14_fullrerun/execution/artifacts/0001_claw_hammer_llm_lie_x-0p350_y-0p200_pretrained/trace.json,claw_hammer,0,True,execution/replay/trials/0001_claw_hammer_llm_lie_x-0p350_y-0p200_pretrained.json
0002_claw_hammer_llm_lie_x+0p350_y-0p200_pretrained,0002_claw_hammer_llm_lie_x+0p350_y-0p200,claw_hammer,swing_down,llm_lie,pretrained,llm_lie + pretrained,0,True,100.0,100,0.011061946902654867,0.10528676644410154,72.25934015011575,0.09268313130965798,60.63048020850662,0.14156949975558739,89.42111719012628,,,,experiments/results/thesis_main_6obj_v2_2026-04-14_fullrerun/execution/artifacts/0002_claw_hammer_llm_lie_x+0p350_y-0p200_pretrained,experiments/results/thesis_main_6obj_v2_2026-04-14_fullrerun/execution/artifacts/0002_claw_hammer_llm_lie_x+0p350_y-0p200_pretrained/trace.json,claw_hammer,0,True,execution/replay/trials/0002_claw_hammer_llm_lie_x+0p350_y-0p200_pretrained.json
0003_claw_hammer_llm_lie_x-0p350_y+0p200_pretrained,0003_claw_hammer_llm_lie_x-0p350_y+0p200,claw_hammer,swing_down,llm_lie,pretrained,llm_lie + pretrained,0,True,100.0,100,0.041353383458646614,0.11561102299615114,66.92987843643387,0.08969018276759251,45.602798987085116,0.17718584076747262,132.04986078049905,,,,experiments/results/thesis_main_6obj_v2_2026-04-14_fullrerun/execution/artifacts/0003_claw_hammer_llm_lie_x-0p350_y+0p200_pretrained,experiments/results/thesis_main_6obj_v2_2026-04-14_fullrerun/execution/artifacts/0003_claw_hammer_llm_lie_x-0p350_y+0p200_pretrained/trace.json,claw_hammer,0,True,execution/replay/trials/0003_claw_hammer_llm_lie_x-0p350_y+0p200_pretrained.json
0004_claw_hammer_llm_lie_x+0p350_y+0p200_pretrained,0004_claw_hammer_llm_lie_x+0p350_y+0p200,claw_hammer,swing_down,llm_lie,pretrained,llm_lie + pretrained,0,True,100.0,100,0.0,0.03634888099432978,74.75049347560456,0.03300001397197808,57.73599298887555,0.02689617479500274,138.3254952330112,,,,experiments/results/thesis_main_6obj_v2_2026-04-14_fullrerun/execution/artifacts/0004_claw_hammer_llm_lie_x+0p350_y+0p200_pretrained,experiments/results/thesis_main_6obj_v2_2026-04-14_fullrerun/execution/artifacts/0004_claw_hammer_llm_lie_x+0p350_y+0p200_pretrained/trace.json,claw_hammer,0,True,execution/replay/trials/0004_claw_hammer_llm_lie_x+0p350_y+0p200_pretrained.json
0005_claw_hammer_llm_only_x-0p350_y-0p200_pretrained,0005_claw_hammer_llm_only_x-0p350_y-0p200,claw_hammer,swing_down,llm_only,pretrained,llm_only + pretrained,0,True,50.0,50,0.002260738507912585,0.06498631725494032,90.46003568522413,0.04080787303530419,85.23153764575157,0.19513499577316226,0.0,,,,experiments/results/thesis_main_6obj_v2_2026-04-14_fullrerun/execution/artifacts/0005_claw_hammer_llm_only_x-0p350_y-0p200_pretrained,experiments/results/thesis_main_6obj_v2_2026-04-14_fullrerun/execution/artifacts/0005_claw_hammer_llm_only_x-0p350_y-0p200_pretrained/trace.json,claw_hammer,0,True,execution/replay/trials/0005_claw_hammer_llm_only_x-0p350_y-0p200_pretrained.json
0006_claw_hammer_llm_only_x+0p350_y-0p200_pretrained,0006_claw_hammer_llm_only_x+0p350_y-0p200,claw_hammer,swing_down,llm_only,pretrained,llm_only + pretrained,0,True,100.0,100,0.0,0.08639902629502981,39.41917670169844,0.07793123058787316,32.80211795387555,0.14755221243676217,0.0,,,,experiments/results/thesis_main_6obj_v2_2026-04-14_fullrerun/execution/artifacts/0006_claw_hammer_llm_only_x+0p350_y-0p200_pretrained,experiments/results/thesis_main_6obj_v2_2026-04-14_fullrerun/execution/artifacts/0006_claw_hammer_llm_only_x+0p350_y-0p200_pretrained/trace.json,claw_hammer,0,True,execution/replay/trials/0006_claw_hammer_llm_only_x+0p350_y-0p200_pretrained.json
0007_claw_hammer_llm_only_x-0p350_y+0p200_pretrained,0007_claw_hammer_llm_only_x-0p350_y+0p200,claw_hammer,swing_down,llm_only,pretrained,llm_only + pretrained,0,False,0.0,0,0.0,0.1345097903897155,65.92175001935942,0.1315592990880924,57.868586877313504,0.2318663482698129,0.0,,,,experiments/results/thesis_main_6obj_v2_2026-04-14_fullrerun/execution/artifacts/0007_claw_hammer_llm_only_x-0p350_y+0p200_pretrained,experiments/results/thesis_main_6obj_v2_2026-04-14_fullrerun/execution/artifacts/0007_claw_hammer_llm_only_x-0p350_y+0p200_pretrained/trace.json,claw_hammer,0,True,execution/replay/trials/0007_claw_hammer_llm_only_x-0p350_y+0p200_pretrained.json
0008_claw_hammer_llm_only_x+0p350_y+0p200_pretrained,0008_claw_hammer_llm_only_x+0p350_y+0p200,claw_hammer,swing_down,llm_only,pretrained,llm_only + pretrained,0,True,75.0,75,0.013333333333333334,0.10195099220299243,56.2148038179421,0.0823610291823854,36.6815525627813,0.09339109389732521,0.0,,,,experiments/results/thesis_main_6obj_v2_2026-04-14_fullrerun/execution/artifacts/0008_claw_hammer_llm_only_x+0p350_y+0p200_pretrained,experiments/results/thesis_main_6obj_v2_2026-04-14_fullrerun/execution/artifacts/0008_claw_hammer_llm_only_x+0p350_y+0p200_pretrained/trace.json,claw_hammer,0,True,execution/replay/trials/0008_claw_hammer_llm_only_x+0p350_y+0p200_pretrained.json
0009_mallet_hammer_predefined_pretrained,0009_mallet_hammer_predefined,mallet_hammer,swing_down,predefined,pretrained,predefined + pretrained,0,True,100.0,100,0.007309941520467836,0.05734434625194402,19.670281358906937,0.0532191334513238,15.644270944900642,0.0730154006234895,6.925724076977944,,,,experiments/results/thesis_main_6obj_v2_2026-04-14_fullrerun/execution/artifacts/0009_mallet_hammer_predefined_pretrained,experiments/results/thesis_main_6obj_v2_2026-04-14_fullrerun/execution/artifacts/0009_mallet_hammer_predefined_pretrained/trace.json,mallet_hammer,0,True,execution/replay/trials/0009_mallet_hammer_predefined_pretrained.json
0010_mallet_hammer_llm_lie_x-0p350_y-0p200_pretrained,0010_mallet_hammer_llm_lie_x-0p350_y-0p200,mallet_hammer,swing_down,llm_lie,pretrained,llm_lie + pretrained,0,True,100.0,100,0.010273972602739725,0.18098042566542127,52.300070975654975,0.1419795700423882,36.3853777674135,0.27227027756055283,102.29962772122501,,,,experiments/results/thesis_main_6obj_v2_2026-04-14_fullrerun/execution/artifacts/0010_mallet_hammer_llm_lie_x-0p350_y-0p200_pretrained,experiments/results/thesis_main_6obj_v2_2026-04-14_fullrerun/execution/artifacts/0010_mallet_hammer_llm_lie_x-0p350_y-0p200_pretrained/trace.json,mallet_hammer,0,True,execution/replay/trials/0010_mallet_hammer_llm_lie_x-0p350_y-0p200_pretrained.json
0011_mallet_hammer_llm_lie_x+0p350_y-0p200_pretrained,0011_mallet_hammer_llm_lie_x+0p350_y-0p200,mallet_hammer,swing_down,llm_lie,pretrained,llm_lie + pretrained,0,True,66.66666666666667,67,0.012779552715654952,0.12934881629166448,117.99485113756012,0.11171642703426662,102.16812676255995,0.1304727546766335,88.36926263940103,,,,experiments/results/thesis_main_6obj_v2_2026-04-14_fullrerun/execution/artifacts/0011_mallet_hammer_llm_lie_x+0p350_y-0p200_pretrained,experiments/results/thesis_main_6obj_v2_2026-04-14_fullrerun/execution/artifacts/0011_mallet_hammer_llm_lie_x+0p350_y-0p200_pretrained/trace.json,mallet_hammer,0,True,execution/replay/trials/0011_mallet_hammer_llm_lie_x+0p350_y-0p200_pretrained.json
0012_mallet_hammer_llm_lie_x-0p350_y+0p200_pretrained,0012_mallet_hammer_llm_lie_x-0p350_y+0p200,mallet_hammer,swing_down,llm_lie,pretrained,llm_lie + pretrained,0,True,78.94736842105263,79,0.05194805194805195,0.1617447076824251,74.62116800507255,0.12498691027084341,55.01614542956862,0.21988294986205834,133.42000849679533,,,,experiments/results/thesis_main_6obj_v2_2026-04-14_fullrerun/execution/artifacts/0012_mallet_hammer_llm_lie_x-0p350_y+0p200_pretrained,experiments/results/thesis_main_6obj_v2_2026-04-14_fullrerun/execution/artifacts/0012_mallet_hammer_llm_lie_x-0p350_y+0p200_pretrained/trace.json,mallet_hammer,0,True,execution/replay/trials/0012_mallet_hammer_llm_lie_x-0p350_y+0p200_pretrained.json
0013_mallet_hammer_llm_lie_x+0p350_y+0p200_pretrained,0013_mallet_hammer_llm_lie_x+0p350_y+0p200,mallet_hammer,swing_down,llm_lie,pretrained,llm_lie + pretrained,0,False,0.0,0,0.0,0.20619095249262334,130.84491065785843,0.17474380241443205,126.99991923564902,0.03148464155125097,147.14460306968954,,,,experiments/results/thesis_main_6obj_v2_2026-04-14_fullrerun/execution/artifacts/0013_mallet_hammer_llm_lie_x+0p350_y+0p200_pretrained,experiments/results/thesis_main_6obj_v2_2026-04-14_fullrerun/execution/artifacts/0013_mallet_hammer_llm_lie_x+0p350_y+0p200_pretrained/trace.json,mallet_hammer,0,True,execution/replay/trials/0013_mallet_hammer_llm_lie_x+0p350_y+0p200_pretrained.json
0014_mallet_hammer_llm_only_x-0p350_y-0p200_pretrained,0014_mallet_hammer_llm_only_x-0p350_y-0p200,mallet_hammer,swing_down,llm_only,pretrained,llm_only + pretrained,0,False,0.0,0,0.0,0.22781962936074363,65.58487087734431,0.18652504616320809,43.58920866908147,0.1686604209572123,0.0,,,,experiments/results/thesis_main_6obj_v2_2026-04-14_fullrerun/execution/artifacts/0014_mallet_hammer_llm_only_x-0p350_y-0p200_pretrained,experiments/results/thesis_main_6obj_v2_2026-04-14_fullrerun/execution/artifacts/0014_mallet_hammer_llm_only_x-0p350_y-0p200_pretrained/trace.json,mallet_hammer,0,True,execution/replay/trials/0014_mallet_hammer_llm_only_x-0p350_y-0p200_pretrained.json
0015_mallet_hammer_llm_only_x+0p350_y-0p200_pretrained,0015_mallet_hammer_llm_only_x+0p350_y-0p200,mallet_hammer,swing_down,llm_only,pretrained,llm_only + pretrained,0,True,100.0,100,0.0,0.08439885768346322,27.09678628249319,0.07893095399036816,21.50665256010854,0.11392258133388913,0.0,,,,experiments/results/thesis_main_6obj_v2_2026-04-14_fullrerun/execution/artifacts/0015_mallet_hammer_llm_only_x+0p350_y-0p200_pretrained,experiments/results/thesis_main_6obj_v2_2026-04-14_fullrerun/execution/artifacts/0015_mallet_hammer_llm_only_x+0p350_y-0p200_pretrained/trace.json,mallet_hammer,0,True,execution/replay/trials/0015_mallet_hammer_llm_only_x+0p350_y-0p200_pretrained.json
0016_mallet_hammer_llm_only_x-0p350_y+0p200_pretrained,0016_mallet_hammer_llm_only_x-0p350_y+0p200,mallet_hammer,swing_down,llm_only,pretrained,llm_only + pretrained,0,False,0.0,0,0.0,0.26871752209193955,82.9136780031859,0.26343900655912594,72.74862176211319,0.24574660337389181,0.0,,,,experiments/results/thesis_main_6obj_v2_2026-04-14_fullrerun/execution/artifacts/0016_mallet_hammer_llm_only_x-0p350_y+0p200_pretrained,experiments/results/thesis_main_6obj_v2_2026-04-14_fullrerun/execution/artifacts/0016_mallet_hammer_llm_only_x-0p350_y+0p200_pretrained/trace.json,mallet_hammer,0,True,execution/replay/trials/0016_mallet_hammer_llm_only_x-0p350_y+0p200_pretrained.json
0017_mallet_hammer_llm_only_x+0p350_y+0p200_pretrained,0017_mallet_hammer_llm_only_x+0p350_y+0p200,mallet_hammer,swing_down,llm_only,pretrained,llm_only + pretrained,0,True,100.0,100,0.0,0.08508354926577394,19.485005485754613,0.0790174648976835,14.562552541643562,0.11167080028024369,0.0,,,,experiments/results/thesis_main_6obj_v2_2026-04-14_fullrerun/execution/artifacts/0017_mallet_hammer_llm_only_x+0p350_y+0p200_pretrained,experiments/results/thesis_main_6obj_v2_2026-04-14_fullrerun/execution/artifacts/0017_mallet_hammer_llm_only_x+0p350_y+0p200_pretrained/trace.json,mallet_hammer,0,True,execution/replay/trials/0017_mallet_hammer_llm_only_x+0p350_y+0p200_pretrained.json
0018_cuboid_hammer_v014_predefined_pretrained,0018_cuboid_hammer_v014_predefined,cuboid_hammer_v014,swing_down,predefined,pretrained,predefined + pretrained,0,True,100.0,100,0.0012285012285012285,0.06045998616280605,39.60019618971623,0.05496852475612935,31.035481775158573,0.07908689457855388,4.4321367066224315,,,,experiments/results/thesis_main_6obj_v2_2026-04-14_fullrerun/execution/artifacts/0018_cuboid_hammer_v014_predefined_pretrained,experiments/results/thesis_main_6obj_v2_2026-04-14_fullrerun/execution/artifacts/0018_cuboid_hammer_v014_predefined_pretrained/trace.json,claw_hammer,0,True,execution/replay/trials/0018_cuboid_hammer_v014_predefined_pretrained.json
0019_cuboid_hammer_v014_llm_lie_x-0p350_y-0p200_pretrained,0019_cuboid_hammer_v014_llm_lie_x-0p350_y-0p200,cuboid_hammer_v014,swing_down,llm_lie,pretrained,llm_lie + pretrained,0,True,100.0,100,0.032407407407407406,0.17555554720150143,61.5566385625547,0.13308590323366842,42.03135937005128,0.28054637841263247,101.1060632550749,,,,experiments/results/thesis_main_6obj_v2_2026-04-14_fullrerun/execution/artifacts/0019_cuboid_hammer_v014_llm_lie_x-0p350_y-0p200_pretrained,experiments/results/thesis_main_6obj_v2_2026-04-14_fullrerun/execution/artifacts/0019_cuboid_hammer_v014_llm_lie_x-0p350_y-0p200_pretrained/trace.json,claw_hammer,0,True,execution/replay/trials/0019_cuboid_hammer_v014_llm_lie_x-0p350_y-0p200_pretrained.json
0020_cuboid_hammer_v014_llm_lie_x+0p350_y-0p200_pretrained,0020_cuboid_hammer_v014_llm_lie_x+0p350_y-0p200,cuboid_hammer_v014,swing_down,llm_lie,pretrained,llm_lie + pretrained,0,True,100.0,100,0.040123456790123455,0.12131469043703891,53.77097206543077,0.09851432004609802,40.906318536459835,0.16830980400625034,89.42111719012628,,,,experiments/results/thesis_main_6obj_v2_2026-04-14_fullrerun/execution/artifacts/0020_cuboid_hammer_v014_llm_lie_x+0p350_y-0p200_pretrained,experiments/results/thesis_main_6obj_v2_2026-04-14_fullrerun/execution/artifacts/0020_cuboid_hammer_v014_llm_lie_x+0p350_y-0p200_pretrained/trace.json,claw_hammer,0,True,execution/replay/trials/0020_cuboid_hammer_v014_llm_lie_x+0p350_y-0p200_pretrained.json
0021_cuboid_hammer_v014_llm_lie_x-0p350_y+0p200_pretrained,0021_cuboid_hammer_v014_llm_lie_x-0p350_y+0p200,cuboid_hammer_v014,swing_down,llm_lie,pretrained,llm_lie + pretrained,0,True,100.0,100,0.03317535545023697,0.17447023878570053,89.24751494279163,0.14868486242389392,68.99054508639486,0.20396770124828578,132.04986078049905,,,,experiments/results/thesis_main_6obj_v2_2026-04-14_fullrerun/execution/artifacts/0021_cuboid_hammer_v014_llm_lie_x-0p350_y+0p200_pretrained,experiments/results/thesis_main_6obj_v2_2026-04-14_fullrerun/execution/artifacts/0021_cuboid_hammer_v014_llm_lie_x-0p350_y+0p200_pretrained/trace.json,claw_hammer,0,True,execution/replay/trials/0021_cuboid_hammer_v014_llm_lie_x-0p350_y+0p200_pretrained.json
0022_cuboid_hammer_v014_llm_lie_x+0p350_y+0p200_pretrained,0022_cuboid_hammer_v014_llm_lie_x+0p350_y+0p200,cuboid_hammer_v014,swing_down,llm_lie,pretrained,llm_lie + pretrained,0,True,100.0,100,0.008413461538461538,0.04298208744052279,72.33872798145411,0.03697874243895771,57.59807788277796,0.042384671017339726,138.3254952330112,,,,experiments/results/thesis_main_6obj_v2_2026-04-14_fullrerun/execution/artifacts/0022_cuboid_hammer_v014_llm_lie_x+0p350_y+0p200_pretrained,experiments/results/thesis_main_6obj_v2_2026-04-14_fullrerun/execution/artifacts/0022_cuboid_hammer_v014_llm_lie_x+0p350_y+0p200_pretrained/trace.json,claw_hammer,0,True,execution/replay/trials/0022_cuboid_hammer_v014_llm_lie_x+0p350_y+0p200_pretrained.json
0023_cuboid_hammer_v014_llm_only_x-0p350_y-0p200_pretrained,0023_cuboid_hammer_v014_llm_only_x-0p350_y-0p200,cuboid_hammer_v014,swing_down,llm_only,pretrained,llm_only + pretrained,0,True,50.0,50,0.0,0.13155435887603287,49.315538177576386,0.11643050137575633,33.818371137077754,0.20196995470053428,0.0,,,,experiments/results/thesis_main_6obj_v2_2026-04-14_fullrerun/execution/artifacts/0023_cuboid_hammer_v014_llm_only_x-0p350_y-0p200_pretrained,experiments/results/thesis_main_6obj_v2_2026-04-14_fullrerun/execution/artifacts/0023_cuboid_hammer_v014_llm_only_x-0p350_y-0p200_pretrained/trace.json,claw_hammer,0,True,execution/replay/trials/0023_cuboid_hammer_v014_llm_only_x-0p350_y-0p200_pretrained.json
0024_cuboid_hammer_v014_llm_only_x+0p350_y-0p200_pretrained,0024_cuboid_hammer_v014_llm_only_x+0p350_y-0p200,cuboid_hammer_v014,swing_down,llm_only,pretrained,llm_only + pretrained,0,False,0.0,0,0.0,0.0797103782815299,86.43170514118157,0.05044679521796147,84.95465464795696,0.1616935150112089,0.0,,,,experiments/results/thesis_main_6obj_v2_2026-04-14_fullrerun/execution/artifacts/0024_cuboid_hammer_v014_llm_only_x+0p350_y-0p200_pretrained,experiments/results/thesis_main_6obj_v2_2026-04-14_fullrerun/execution/artifacts/0024_cuboid_hammer_v014_llm_only_x+0p350_y-0p200_pretrained/trace.json,claw_hammer,0,True,execution/replay/trials/0024_cuboid_hammer_v014_llm_only_x+0p350_y-0p200_pretrained.json
0025_cuboid_hammer_v014_llm_only_x-0p350_y+0p200_pretrained,0025_cuboid_hammer_v014_llm_only_x-0p350_y+0p200,cuboid_hammer_v014,swing_down,llm_only,pretrained,llm_only + pretrained,0,False,0.0,0,0.0,0.24072466836825157,29.572963090053488,0.2002185795493154,22.846486024959926,0.230548299994089,0.0,,,,experiments/results/thesis_main_6obj_v2_2026-04-14_fullrerun/execution/artifacts/0025_cuboid_hammer_v014_llm_only_x-0p350_y+0p200_pretrained,experiments/results/thesis_main_6obj_v2_2026-04-14_fullrerun/execution/artifacts/0025_cuboid_hammer_v014_llm_only_x-0p350_y+0p200_pretrained/trace.json,claw_hammer,0,True,execution/replay/trials/0025_cuboid_hammer_v014_llm_only_x-0p350_y+0p200_pretrained.json
0026_cuboid_hammer_v014_llm_only_x+0p350_y+0p200_pretrained,0026_cuboid_hammer_v014_llm_only_x+0p350_y+0p200,cuboid_hammer_v014,swing_down,llm_only,pretrained,llm_only + pretrained,0,False,33.333333333333336,33,0.0,0.1217576867740561,51.61904674338766,0.10268143279198555,32.938337134022476,0.12041593489815411,0.0,,,,experiments/results/thesis_main_6obj_v2_2026-04-14_fullrerun/execution/artifacts/0026_cuboid_hammer_v014_llm_only_x+0p350_y+0p200_pretrained,experiments/results/thesis_main_6obj_v2_2026-04-14_fullrerun/execution/artifacts/0026_cuboid_hammer_v014_llm_only_x+0p350_y+0p200_pretrained/trace.json,claw_hammer,0,True,execution/replay/trials/0026_cuboid_hammer_v014_llm_only_x+0p350_y+0p200_pretrained.json
0027_long_screwdriver_predefined_pretrained,0027_long_screwdriver_predefined,long_screwdriver,spin_vertical,predefined,pretrained,predefined + pretrained,0,True,58.0,58,0.0006551648831622625,0.09610866209921871,86.13352744788097,0.08538690470914122,77.94159399857787,0.07654508696693327,16.051159680765558,,,,experiments/results/thesis_main_6obj_v2_2026-04-14_fullrerun/execution/artifacts/0027_long_screwdriver_predefined_pretrained,experiments/results/thesis_main_6obj_v2_2026-04-14_fullrerun/execution/artifacts/0027_long_screwdriver_predefined_pretrained/trace.json,long_screwdriver,0,True,execution/replay/trials/0027_long_screwdriver_predefined_pretrained.json
0028_long_screwdriver_llm_lie_x-0p350_y-0p200_pretrained,0028_long_screwdriver_llm_lie_x-0p350_y-0p200,long_screwdriver,spin_vertical,llm_lie,pretrained,llm_lie + pretrained,0,True,100.0,100,0.0,0.1612435872408544,95.89464349678563,0.12615684978485656,72.11647942730512,0.33601601916907714,169.8866200027528,,,,experiments/results/thesis_main_6obj_v2_2026-04-14_fullrerun/execution/artifacts/0028_long_screwdriver_llm_lie_x-0p350_y-0p200_pretrained,experiments/results/thesis_main_6obj_v2_2026-04-14_fullrerun/execution/artifacts/0028_long_screwdriver_llm_lie_x-0p350_y-0p200_pretrained/trace.json,long_screwdriver,0,True,execution/replay/trials/0028_long_screwdriver_llm_lie_x-0p350_y-0p200_pretrained.json
0029_long_screwdriver_llm_lie_x+0p350_y-0p200_pretrained,0029_long_screwdriver_llm_lie_x+0p350_y-0p200,long_screwdriver,spin_vertical,llm_lie,pretrained,llm_lie + pretrained,0,True,100.0,100,0.0,0.16644229575696537,92.30245804699322,0.12098835537597483,66.4533139829,0.42079362105441304,169.8866200027528,,,,experiments/results/thesis_main_6obj_v2_2026-04-14_fullrerun/execution/artifacts/0029_long_screwdriver_llm_lie_x+0p350_y-0p200_pretrained,experiments/results/thesis_main_6obj_v2_2026-04-14_fullrerun/execution/artifacts/0029_long_screwdriver_llm_lie_x+0p350_y-0p200_pretrained/trace.json,long_screwdriver,0,True,execution/replay/trials/0029_long_screwdriver_llm_lie_x+0p350_y-0p200_pretrained.json
0030_long_screwdriver_llm_lie_x-0p350_y+0p200_pretrained,0030_long_screwdriver_llm_lie_x-0p350_y+0p200,long_screwdriver,spin_vertical,llm_lie,pretrained,llm_lie + pretrained,0,True,100.0,100,0.0,0.1228236887238874,69.8761790163812,0.08837229975196251,55.04178268142665,0.2870073906036929,169.8866200027528,,,,experiments/results/thesis_main_6obj_v2_2026-04-14_fullrerun/execution/artifacts/0030_long_screwdriver_llm_lie_x-0p350_y+0p200_pretrained,experiments/results/thesis_main_6obj_v2_2026-04-14_fullrerun/execution/artifacts/0030_long_screwdriver_llm_lie_x-0p350_y+0p200_pretrained/trace.json,long_screwdriver,0,True,execution/replay/trials/0030_long_screwdriver_llm_lie_x-0p350_y+0p200_pretrained.json
0031_long_screwdriver_llm_lie_x+0p350_y+0p200_pretrained,0031_long_screwdriver_llm_lie_x+0p350_y+0p200,long_screwdriver,spin_vertical,llm_lie,pretrained,llm_lie + pretrained,0,True,100.0,100,0.004418262150220913,0.14424603290607543,74.50015220688456,0.09458838229530188,57.21703319630982,0.38279726833271954,169.8866200027528,,,,experiments/results/thesis_main_6obj_v2_2026-04-14_fullrerun/execution/artifacts/0031_long_screwdriver_llm_lie_x+0p350_y+0p200_pretrained,experiments/results/thesis_main_6obj_v2_2026-04-14_fullrerun/execution/artifacts/0031_long_screwdriver_llm_lie_x+0p350_y+0p200_pretrained/trace.json,long_screwdriver,0,True,execution/replay/trials/0031_long_screwdriver_llm_lie_x+0p350_y+0p200_pretrained.json
0032_long_screwdriver_llm_only_x-0p350_y-0p200_pretrained,0032_long_screwdriver_llm_only_x-0p350_y-0p200,long_screwdriver,spin_vertical,llm_only,pretrained,llm_only + pretrained,0,True,100.0,100,0.0,0.08080174491894329,20.196442678930225,0.07559951808221518,16.40675327349187,0.0499629720656443,0.0,,,,experiments/results/thesis_main_6obj_v2_2026-04-14_fullrerun/execution/artifacts/0032_long_screwdriver_llm_only_x-0p350_y-0p200_pretrained,experiments/results/thesis_main_6obj_v2_2026-04-14_fullrerun/execution/artifacts/0032_long_screwdriver_llm_only_x-0p350_y-0p200_pretrained/trace.json,long_screwdriver,0,True,execution/replay/trials/0032_long_screwdriver_llm_only_x-0p350_y-0p200_pretrained.json
0033_long_screwdriver_llm_only_x+0p350_y-0p200_pretrained,0033_long_screwdriver_llm_only_x+0p350_y-0p200,long_screwdriver,spin_vertical,llm_only,pretrained,llm_only + pretrained,0,True,100.0,100,0.0,0.10576210342126674,49.295583853163784,0.09784780769716989,39.12370848971919,0.1397091655668528,0.0,,,,experiments/results/thesis_main_6obj_v2_2026-04-14_fullrerun/execution/artifacts/0033_long_screwdriver_llm_only_x+0p350_y-0p200_pretrained,experiments/results/thesis_main_6obj_v2_2026-04-14_fullrerun/execution/artifacts/0033_long_screwdriver_llm_only_x+0p350_y-0p200_pretrained/trace.json,long_screwdriver,0,True,execution/replay/trials/0033_long_screwdriver_llm_only_x+0p350_y-0p200_pretrained.json
0034_long_screwdriver_llm_only_x-0p350_y+0p200_pretrained,0034_long_screwdriver_llm_only_x-0p350_y+0p200,long_screwdriver,spin_vertical,llm_only,pretrained,llm_only + pretrained,0,True,100.0,100,0.0,0.09321046357809734,22.671819769618942,0.0868076762344808,17.75283913519736,0.11613191852946458,0.0,,,,experiments/results/thesis_main_6obj_v2_2026-04-14_fullrerun/execution/artifacts/0034_long_screwdriver_llm_only_x-0p350_y+0p200_pretrained,experiments/results/thesis_main_6obj_v2_2026-04-14_fullrerun/execution/artifacts/0034_long_screwdriver_llm_only_x-0p350_y+0p200_pretrained/trace.json,long_screwdriver,0,True,execution/replay/trials/0034_long_screwdriver_llm_only_x-0p350_y+0p200_pretrained.json
0035_long_screwdriver_llm_only_x+0p350_y+0p200_pretrained,0035_long_screwdriver_llm_only_x+0p350_y+0p200,long_screwdriver,spin_vertical,llm_only,pretrained,llm_only + pretrained,0,True,100.0,100,0.0,0.16666163312982635,35.24601363527576,0.15079755823652705,28.11880483489453,0.23061860034249404,0.0,,,,experiments/results/thesis_main_6obj_v2_2026-04-14_fullrerun/execution/artifacts/0035_long_screwdriver_llm_only_x+0p350_y+0p200_pretrained,experiments/results/thesis_main_6obj_v2_2026-04-14_fullrerun/execution/artifacts/0035_long_screwdriver_llm_only_x+0p350_y+0p200_pretrained/trace.json,long_screwdriver,0,True,execution/replay/trials/0035_long_screwdriver_llm_only_x+0p350_y+0p200_pretrained.json
0036_short_screwdriver_predefined_pretrained,0036_short_screwdriver_predefined,short_screwdriver,spin_vertical,predefined,pretrained,predefined + pretrained,0,True,100.0,100,0.004624277456647399,0.05395373084106451,57.99555459811657,0.048942083690958184,46.3340862054149,0.06859591842387236,7.862665839962122,,,,experiments/results/thesis_main_6obj_v2_2026-04-14_fullrerun/execution/artifacts/0036_short_screwdriver_predefined_pretrained,experiments/results/thesis_main_6obj_v2_2026-04-14_fullrerun/execution/artifacts/0036_short_screwdriver_predefined_pretrained/trace.json,short_screwdriver,0,True,execution/replay/trials/0036_short_screwdriver_predefined_pretrained.json
0037_short_screwdriver_llm_lie_x-0p350_y-0p200_pretrained,0037_short_screwdriver_llm_lie_x-0p350_y-0p200,short_screwdriver,spin_vertical,llm_lie,pretrained,llm_lie + pretrained,0,True,100.0,100,0.0,0.1408389447015696,57.53384467832473,0.10887723456604641,49.430530786113884,0.3484654315090038,89.40875413685426,,,,experiments/results/thesis_main_6obj_v2_2026-04-14_fullrerun/execution/artifacts/0037_short_screwdriver_llm_lie_x-0p350_y-0p200_pretrained,experiments/results/thesis_main_6obj_v2_2026-04-14_fullrerun/execution/artifacts/0037_short_screwdriver_llm_lie_x-0p350_y-0p200_pretrained/trace.json,short_screwdriver,0,True,execution/replay/trials/0037_short_screwdriver_llm_lie_x-0p350_y-0p200_pretrained.json
0038_short_screwdriver_llm_lie_x+0p350_y-0p200_pretrained,0038_short_screwdriver_llm_lie_x+0p350_y-0p200,short_screwdriver,spin_vertical,llm_lie,pretrained,llm_lie + pretrained,0,True,100.0,100,0.0,0.15618723238802235,57.235798625674114,0.11591558237816062,48.52642770119937,0.4308248312889178,89.40875413685426,,,,experiments/results/thesis_main_6obj_v2_2026-04-14_fullrerun/execution/artifacts/0038_short_screwdriver_llm_lie_x+0p350_y-0p200_pretrained,experiments/results/thesis_main_6obj_v2_2026-04-14_fullrerun/execution/artifacts/0038_short_screwdriver_llm_lie_x+0p350_y-0p200_pretrained/trace.json,short_screwdriver,0,True,execution/replay/trials/0038_short_screwdriver_llm_lie_x+0p350_y-0p200_pretrained.json
0039_short_screwdriver_llm_lie_x-0p350_y+0p200_pretrained,0039_short_screwdriver_llm_lie_x-0p350_y+0p200,short_screwdriver,spin_vertical,llm_lie,pretrained,llm_lie + pretrained,0,True,100.0,100,0.0,0.14509431521864455,63.51022242415256,0.10086125564017727,54.074450096763876,0.2769078092022895,89.40875413685426,,,,experiments/results/thesis_main_6obj_v2_2026-04-14_fullrerun/execution/artifacts/0039_short_screwdriver_llm_lie_x-0p350_y+0p200_pretrained,experiments/results/thesis_main_6obj_v2_2026-04-14_fullrerun/execution/artifacts/0039_short_screwdriver_llm_lie_x-0p350_y+0p200_pretrained/trace.json,short_screwdriver,0,True,execution/replay/trials/0039_short_screwdriver_llm_lie_x-0p350_y+0p200_pretrained.json
0040_short_screwdriver_llm_lie_x+0p350_y+0p200_pretrained,0040_short_screwdriver_llm_lie_x+0p350_y+0p200,short_screwdriver,spin_vertical,llm_lie,pretrained,llm_lie + pretrained,0,True,100.0,100,0.0,0.11214508413473327,86.55805798067396,0.06899078899041304,79.98981740479897,0.3753129535408815,89.40875413685426,,,,experiments/results/thesis_main_6obj_v2_2026-04-14_fullrerun/execution/artifacts/0040_short_screwdriver_llm_lie_x+0p350_y+0p200_pretrained,experiments/results/thesis_main_6obj_v2_2026-04-14_fullrerun/execution/artifacts/0040_short_screwdriver_llm_lie_x+0p350_y+0p200_pretrained/trace.json,short_screwdriver,0,True,execution/replay/trials/0040_short_screwdriver_llm_lie_x+0p350_y+0p200_pretrained.json
0041_short_screwdriver_llm_only_x-0p350_y-0p200_pretrained,0041_short_screwdriver_llm_only_x-0p350_y-0p200,short_screwdriver,spin_vertical,llm_only,pretrained,llm_only + pretrained,0,True,100.0,100,0.0,0.15229870512278776,37.81886458413586,0.1415579946010591,31.7624748080168,0.19234076981558626,0.016126540318218474,,,,experiments/results/thesis_main_6obj_v2_2026-04-14_fullrerun/execution/artifacts/0041_short_screwdriver_llm_only_x-0p350_y-0p200_pretrained,experiments/results/thesis_main_6obj_v2_2026-04-14_fullrerun/execution/artifacts/0041_short_screwdriver_llm_only_x-0p350_y-0p200_pretrained/trace.json,short_screwdriver,0,True,execution/replay/trials/0041_short_screwdriver_llm_only_x-0p350_y-0p200_pretrained.json
0042_short_screwdriver_llm_only_x+0p350_y-0p200_pretrained,0042_short_screwdriver_llm_only_x+0p350_y-0p200,short_screwdriver,spin_vertical,llm_only,pretrained,llm_only + pretrained,0,True,100.0,100,0.0,0.1478985809126928,54.013027759632294,0.1333094195643777,49.25997124971391,0.25613883591029135,0.016126540318218474,,,,experiments/results/thesis_main_6obj_v2_2026-04-14_fullrerun/execution/artifacts/0042_short_screwdriver_llm_only_x+0p350_y-0p200_pretrained,experiments/results/thesis_main_6obj_v2_2026-04-14_fullrerun/execution/artifacts/0042_short_screwdriver_llm_only_x+0p350_y-0p200_pretrained/trace.json,short_screwdriver,0,True,execution/replay/trials/0042_short_screwdriver_llm_only_x+0p350_y-0p200_pretrained.json
0043_short_screwdriver_llm_only_x-0p350_y+0p200_pretrained,0043_short_screwdriver_llm_only_x-0p350_y+0p200,short_screwdriver,spin_vertical,llm_only,pretrained,llm_only + pretrained,0,True,100.0,100,0.0,0.08429096774376747,39.928212788236436,0.07469725668746731,33.69130702171984,0.1323292694241185,0.016126540318218474,,,,experiments/results/thesis_main_6obj_v2_2026-04-14_fullrerun/execution/artifacts/0043_short_screwdriver_llm_only_x-0p350_y+0p200_pretrained,experiments/results/thesis_main_6obj_v2_2026-04-14_fullrerun/execution/artifacts/0043_short_screwdriver_llm_only_x-0p350_y+0p200_pretrained/trace.json,short_screwdriver,0,True,execution/replay/trials/0043_short_screwdriver_llm_only_x-0p350_y+0p200_pretrained.json
0044_short_screwdriver_llm_only_x+0p350_y+0p200_pretrained,0044_short_screwdriver_llm_only_x+0p350_y+0p200,short_screwdriver,spin_vertical,llm_only,pretrained,llm_only + pretrained,0,True,50.0,50,0.003787878787878788,0.18007776806340442,55.94110109725566,0.16766809066934538,42.0742393640686,0.22766829196139488,0.016126540318218474,,,,experiments/results/thesis_main_6obj_v2_2026-04-14_fullrerun/execution/artifacts/0044_short_screwdriver_llm_only_x+0p350_y+0p200_pretrained,experiments/results/thesis_main_6obj_v2_2026-04-14_fullrerun/execution/artifacts/0044_short_screwdriver_llm_only_x+0p350_y+0p200_pretrained/trace.json,short_screwdriver,0,True,execution/replay/trials/0044_short_screwdriver_llm_only_x+0p350_y+0p200_pretrained.json
0045_cylinder_screwdriver_v3009_predefined_pretrained,0045_cylinder_screwdriver_v3009_predefined,cylinder_screwdriver_v3009,spin_vertical,predefined,pretrained,predefined + pretrained,0,False,23.0,23,0.002997002997002997,0.2519136253662634,100.2435611901037,0.2173313406446743,84.36237905327368,0.07654508696693327,16.051159680765558,,,,experiments/results/thesis_main_6obj_v2_2026-04-14_fullrerun/execution/artifacts/0045_cylinder_screwdriver_v3009_predefined_pretrained,experiments/results/thesis_main_6obj_v2_2026-04-14_fullrerun/execution/artifacts/0045_cylinder_screwdriver_v3009_predefined_pretrained/trace.json,long_screwdriver,0,True,execution/replay/trials/0045_cylinder_screwdriver_v3009_predefined_pretrained.json
0046_cylinder_screwdriver_v3009_llm_lie_x-0p350_y-0p200_pretrained,0046_cylinder_screwdriver_v3009_llm_lie_x-0p350_y-0p200,cylinder_screwdriver_v3009,spin_vertical,llm_lie,pretrained,llm_lie + pretrained,0,False,0.0,0,0.0,0.2655092822965561,113.19844655080925,0.23767202537734763,86.86868656038448,0.3585012851388849,169.8866200027528,,,,experiments/results/thesis_main_6obj_v2_2026-04-14_fullrerun/execution/artifacts/0046_cylinder_screwdriver_v3009_llm_lie_x-0p350_y-0p200_pretrained,experiments/results/thesis_main_6obj_v2_2026-04-14_fullrerun/execution/artifacts/0046_cylinder_screwdriver_v3009_llm_lie_x-0p350_y-0p200_pretrained/trace.json,long_screwdriver,0,True,execution/replay/trials/0046_cylinder_screwdriver_v3009_llm_lie_x-0p350_y-0p200_pretrained.json
0047_cylinder_screwdriver_v3009_llm_lie_x+0p350_y-0p200_pretrained,0047_cylinder_screwdriver_v3009_llm_lie_x+0p350_y-0p200,cylinder_screwdriver_v3009,spin_vertical,llm_lie,pretrained,llm_lie + pretrained,0,False,0.0,0,0.0,0.3789571175661339,161.8107428488397,0.3609886236981698,158.3188235857381,0.4389574897733075,169.8866200027528,,,,experiments/results/thesis_main_6obj_v2_2026-04-14_fullrerun/execution/artifacts/0047_cylinder_screwdriver_v3009_llm_lie_x+0p350_y-0p200_pretrained,experiments/results/thesis_main_6obj_v2_2026-04-14_fullrerun/execution/artifacts/0047_cylinder_screwdriver_v3009_llm_lie_x+0p350_y-0p200_pretrained/trace.json,long_screwdriver,0,True,execution/replay/trials/0047_cylinder_screwdriver_v3009_llm_lie_x+0p350_y-0p200_pretrained.json
0048_cylinder_screwdriver_v3009_llm_lie_x-0p350_y+0p200_pretrained,0048_cylinder_screwdriver_v3009_llm_lie_x-0p350_y+0p200,cylinder_screwdriver_v3009,spin_vertical,llm_lie,pretrained,llm_lie + pretrained,0,False,0.0,0,0.0,0.3063362685173444,147.74981339111594,0.2823201062071214,141.71782818149057,0.3130329831968816,169.8866200027528,,,,experiments/results/thesis_main_6obj_v2_2026-04-14_fullrerun/execution/artifacts/0048_cylinder_screwdriver_v3009_llm_lie_x-0p350_y+0p200_pretrained,experiments/results/thesis_main_6obj_v2_2026-04-14_fullrerun/execution/artifacts/0048_cylinder_screwdriver_v3009_llm_lie_x-0p350_y+0p200_pretrained/trace.json,long_screwdriver,0,True,execution/replay/trials/0048_cylinder_screwdriver_v3009_llm_lie_x-0p350_y+0p200_pretrained.json
0049_cylinder_screwdriver_v3009_llm_lie_x+0p350_y+0p200_pretrained,0049_cylinder_screwdriver_v3009_llm_lie_x+0p350_y+0p200,cylinder_screwdriver_v3009,spin_vertical,llm_lie,pretrained,llm_lie + pretrained,0,False,44.44444444444444,44,0.0,0.2744718151666301,114.00681815489469,0.21732876771907947,96.40730743995232,0.4026787242343336,169.8866200027528,,,,experiments/results/thesis_main_6obj_v2_2026-04-14_fullrerun/execution/artifacts/0049_cylinder_screwdriver_v3009_llm_lie_x+0p350_y+0p200_pretrained,experiments/results/thesis_main_6obj_v2_2026-04-14_fullrerun/execution/artifacts/0049_cylinder_screwdriver_v3009_llm_lie_x+0p350_y+0p200_pretrained/trace.json,long_screwdriver,0,True,execution/replay/trials/0049_cylinder_screwdriver_v3009_llm_lie_x+0p350_y+0p200_pretrained.json
0050_cylinder_screwdriver_v3009_llm_only_x-0p350_y-0p200_pretrained,0050_cylinder_screwdriver_v3009_llm_only_x-0p350_y-0p200,cylinder_screwdriver_v3009,spin_vertical,llm_only,pretrained,llm_only + pretrained,0,True,50.0,50,0.0,0.16638756087332304,38.11350295533423,0.15521063738905297,26.526180052642875,0.18520563040188864,0.0,,,,experiments/results/thesis_main_6obj_v2_2026-04-14_fullrerun/execution/artifacts/0050_cylinder_screwdriver_v3009_llm_only_x-0p350_y-0p200_pretrained,experiments/results/thesis_main_6obj_v2_2026-04-14_fullrerun/execution/artifacts/0050_cylinder_screwdriver_v3009_llm_only_x-0p350_y-0p200_pretrained/trace.json,long_screwdriver,0,True,execution/replay/trials/0050_cylinder_screwdriver_v3009_llm_only_x-0p350_y-0p200_pretrained.json
0051_cylinder_screwdriver_v3009_llm_only_x+0p350_y-0p200_pretrained,0051_cylinder_screwdriver_v3009_llm_only_x+0p350_y-0p200,cylinder_screwdriver_v3009,spin_vertical,llm_only,pretrained,llm_only + pretrained,0,False,0.0,0,0.0,0.18715706313243077,66.49430332419018,0.15816939744769862,47.33435863450843,0.24115366545556483,0.0,,,,experiments/results/thesis_main_6obj_v2_2026-04-14_fullrerun/execution/artifacts/0051_cylinder_screwdriver_v3009_llm_only_x+0p350_y-0p200_pretrained,experiments/results/thesis_main_6obj_v2_2026-04-14_fullrerun/execution/artifacts/0051_cylinder_screwdriver_v3009_llm_only_x+0p350_y-0p200_pretrained/trace.json,long_screwdriver,0,True,execution/replay/trials/0051_cylinder_screwdriver_v3009_llm_only_x+0p350_y-0p200_pretrained.json
0052_cylinder_screwdriver_v3009_llm_only_x-0p350_y+0p200_pretrained,0052_cylinder_screwdriver_v3009_llm_only_x-0p350_y+0p200,cylinder_screwdriver_v3009,spin_vertical,llm_only,pretrained,llm_only + pretrained,0,True,50.0,50,0.0,0.15576462161911198,53.03436443412182,0.1419905438658446,24.164341270881785,0.1573511972563681,0.0,,,,experiments/results/thesis_main_6obj_v2_2026-04-14_fullrerun/execution/artifacts/0052_cylinder_screwdriver_v3009_llm_only_x-0p350_y+0p200_pretrained,experiments/results/thesis_main_6obj_v2_2026-04-14_fullrerun/execution/artifacts/0052_cylinder_screwdriver_v3009_llm_only_x-0p350_y+0p200_pretrained/trace.json,long_screwdriver,0,True,execution/replay/trials/0052_cylinder_screwdriver_v3009_llm_only_x-0p350_y+0p200_pretrained.json
0053_cylinder_screwdriver_v3009_llm_only_x+0p350_y+0p200_pretrained,0053_cylinder_screwdriver_v3009_llm_only_x+0p350_y+0p200,cylinder_screwdriver_v3009,spin_vertical,llm_only,pretrained,llm_only + pretrained,0,False,0.0,0,0.0,0.26946327592454666,79.4414604558066,0.24718352144858255,62.17782068151333,0.23061860034249404,0.0,,,,experiments/results/thesis_main_6obj_v2_2026-04-14_fullrerun/execution/artifacts/0053_cylinder_screwdriver_v3009_llm_only_x+0p350_y+0p200_pretrained,experiments/results/thesis_main_6obj_v2_2026-04-14_fullrerun/execution/artifacts/0053_cylinder_screwdriver_v3009_llm_only_x+0p350_y+0p200_pretrained/trace.json,long_screwdriver,0,True,execution/replay/trials/0053_cylinder_screwdriver_v3009_llm_only_x+0p350_y+0p200_pretrained.json
