trial_id,geometry_trial_id,object_name,task_name,mode,policy_variant,benchmark_cell,seed,execution_success,goal_completion_pct,peak_success_count,tracking_success_rate,translation_rmse_m,rotation_rmse_deg,mean_translation_error_m,mean_rotation_error_deg,final_translation_error_m,final_rotation_error_deg,dropped_count,dropped_first_step,object_z_low_count,object_z_low_first_step,geometry_goal_count,execution_goal_count,reference_goal_count,execution_goal_transform,execution_goal_cycle_style,failure_stage,failure_category,error,artifact_dir,trace_path,resolved_baseline_object,eval_returncode,produced_eval_json,replay_artifact_path
0000_claw_hammer_predefined_pretrained,0000_claw_hammer_predefined,claw_hammer,swing_down,predefined,pretrained,predefined + pretrained,0,True,100.0,100,0.01002004008016032,0.061140957713617106,18.031214878816336,0.05571370835280959,14.26943030376262,0.13920811976394737,106.39170397373593,0,,0,,37,37,37,identity,,,,,experiments/results/thesis_main_v3_v3/execution/artifacts/0000_claw_hammer_predefined_pretrained,experiments/results/thesis_main_v3_v3/execution/artifacts/0000_claw_hammer_predefined_pretrained/trace.json,claw_hammer,0,True,execution/replay/trials/0000_claw_hammer_predefined_pretrained.json
0001_claw_hammer_llm_lie_x-0p150_y-0p130_pretrained,0001_claw_hammer_llm_lie_x-0p150_y-0p130,claw_hammer,swing_down,llm_lie,pretrained,llm_lie + pretrained,0,True,100.0,100,0.036848792884371026,0.09388441972369195,36.981795864821194,0.06785819435955183,23.492653257195606,0.01773368216807274,12.340609220375143,0,,0,,10,37,37,cycle_to_predefined_length,mirrored,,,,experiments/results/thesis_main_v3_v3/execution/artifacts/0001_claw_hammer_llm_lie_x-0p150_y-0p130_pretrained,experiments/results/thesis_main_v3_v3/execution/artifacts/0001_claw_hammer_llm_lie_x-0p150_y-0p130_pretrained/trace.json,claw_hammer,0,True,execution/replay/trials/0001_claw_hammer_llm_lie_x-0p150_y-0p130_pretrained.json
0002_claw_hammer_llm_lie_x+0p000_y-0p130_pretrained,0002_claw_hammer_llm_lie_x+0p000_y-0p130,claw_hammer,swing_down,llm_lie,pretrained,llm_lie + pretrained,0,True,100.0,100,0.022170361726954493,0.07726263703755909,33.08018450047519,0.05983431943168543,20.25830137086609,0.040191369831953476,5.829545837606358,0,,0,,10,37,37,cycle_to_predefined_length,mirrored,,,,experiments/results/thesis_main_v3_v3/execution/artifacts/0002_claw_hammer_llm_lie_x+0p000_y-0p130_pretrained,experiments/results/thesis_main_v3_v3/execution/artifacts/0002_claw_hammer_llm_lie_x+0p000_y-0p130_pretrained/trace.json,claw_hammer,0,True,execution/replay/trials/0002_claw_hammer_llm_lie_x+0p000_y-0p130_pretrained.json
0003_claw_hammer_llm_lie_x+0p150_y-0p130_pretrained,0003_claw_hammer_llm_lie_x+0p150_y-0p130,claw_hammer,swing_down,llm_lie,pretrained,llm_lie + pretrained,0,True,100.0,100,0.04267589388696655,0.07506923796586819,36.71328229798608,0.0583431940905101,24.339363940790253,0.03981432172243213,4.437945140897615,0,,0,,10,37,37,cycle_to_predefined_length,mirrored,,,,experiments/results/thesis_main_v3_v3/execution/artifacts/0003_claw_hammer_llm_lie_x+0p150_y-0p130_pretrained,experiments/results/thesis_main_v3_v3/execution/artifacts/0003_claw_hammer_llm_lie_x+0p150_y-0p130_pretrained/trace.json,claw_hammer,0,True,execution/replay/trials/0003_claw_hammer_llm_lie_x+0p150_y-0p130_pretrained.json
0004_claw_hammer_llm_lie_x-0p150_y-0p080_pretrained,0004_claw_hammer_llm_lie_x-0p150_y-0p080,claw_hammer,swing_down,llm_lie,pretrained,llm_lie + pretrained,0,True,100.0,100,0.03162055335968379,0.09192792345589287,38.72843325944205,0.07001376409714531,23.35670521355693,0.03337387962897642,7.77868666382358,0,,0,,10,37,37,cycle_to_predefined_length,mirrored,,,,experiments/results/thesis_main_v3_v3/execution/artifacts/0004_claw_hammer_llm_lie_x-0p150_y-0p080_pretrained,experiments/results/thesis_main_v3_v3/execution/artifacts/0004_claw_hammer_llm_lie_x-0p150_y-0p080_pretrained/trace.json,claw_hammer,0,True,execution/replay/trials/0004_claw_hammer_llm_lie_x-0p150_y-0p080_pretrained.json
0005_claw_hammer_llm_lie_x+0p000_y-0p080_pretrained,0005_claw_hammer_llm_lie_x+0p000_y-0p080,claw_hammer,swing_down,llm_lie,pretrained,llm_lie + pretrained,0,True,100.0,100,0.06596701649175413,0.09240965550148812,44.898572548589165,0.07041946179135744,27.61254612876647,0.041961608338911854,2.7137720769963836,0,,0,,10,37,37,cycle_to_predefined_length,mirrored,,,,experiments/results/thesis_main_v3_v3/execution/artifacts/0005_claw_hammer_llm_lie_x+0p000_y-0p080_pretrained,experiments/results/thesis_main_v3_v3/execution/artifacts/0005_claw_hammer_llm_lie_x+0p000_y-0p080_pretrained/trace.json,claw_hammer,0,True,execution/replay/trials/0005_claw_hammer_llm_lie_x+0p000_y-0p080_pretrained.json
0006_claw_hammer_llm_lie_x+0p150_y-0p080_pretrained,0006_claw_hammer_llm_lie_x+0p150_y-0p080,claw_hammer,swing_down,llm_lie,pretrained,llm_lie + pretrained,0,True,100.0,100,0.024043715846994537,0.0742888205512697,38.470931619779016,0.05792602283140891,26.621781358151946,0.14045034915943283,164.93999865010736,153,915.0,0,,10,37,37,cycle_to_predefined_length,mirrored,,,,experiments/results/thesis_main_v3_v3/execution/artifacts/0006_claw_hammer_llm_lie_x+0p150_y-0p080_pretrained,experiments/results/thesis_main_v3_v3/execution/artifacts/0006_claw_hammer_llm_lie_x+0p150_y-0p080_pretrained/trace.json,claw_hammer,0,True,execution/replay/trials/0006_claw_hammer_llm_lie_x+0p150_y-0p080_pretrained.json
0007_claw_hammer_llm_lie_x-0p150_y-0p030_pretrained,0007_claw_hammer_llm_lie_x-0p150_y-0p030,claw_hammer,swing_down,llm_lie,pretrained,llm_lie + pretrained,0,False,97.29729729729729,97,0.018145161290322582,0.10158121052403887,54.34540606026965,0.07504458173747945,38.82133579096422,0.3538576295824244,127.58184785060686,9809,992.0,9793,1008.0,10,37,37,cycle_to_predefined_length,mirrored,execution_failure,experiment_timeout,,experiments/results/thesis_main_v3_v3/execution/artifacts/0007_claw_hammer_llm_lie_x-0p150_y-0p030_pretrained,experiments/results/thesis_main_v3_v3/execution/artifacts/0007_claw_hammer_llm_lie_x-0p150_y-0p030_pretrained/trace.json,claw_hammer,0,True,execution/replay/trials/0007_claw_hammer_llm_lie_x-0p150_y-0p030_pretrained.json
0008_claw_hammer_llm_lie_x+0p000_y-0p030_pretrained,0008_claw_hammer_llm_lie_x+0p000_y-0p030,claw_hammer,swing_down,llm_lie,pretrained,llm_lie + pretrained,0,True,100.0,100,0.02138157894736842,0.07292526531155191,36.6278161558019,0.05571425602953582,24.808623217782067,0.036133803637297686,10.49052224950721,0,,0,,10,37,37,cycle_to_predefined_length,mirrored,,,,experiments/results/thesis_main_v3_v3/execution/artifacts/0008_claw_hammer_llm_lie_x+0p000_y-0p030_pretrained,experiments/results/thesis_main_v3_v3/execution/artifacts/0008_claw_hammer_llm_lie_x+0p000_y-0p030_pretrained/trace.json,claw_hammer,0,True,execution/replay/trials/0008_claw_hammer_llm_lie_x+0p000_y-0p030_pretrained.json
0009_claw_hammer_llm_lie_x+0p150_y-0p030_pretrained,0009_claw_hammer_llm_lie_x+0p150_y-0p030,claw_hammer,swing_down,llm_lie,pretrained,llm_lie + pretrained,0,True,100.0,100,0.006557377049180328,0.12136986689252273,65.63612025895802,0.09716615615062339,52.54582301707833,0.11912278147206126,87.15500110718959,262,305.0,0,,10,37,37,cycle_to_predefined_length,mirrored,,,,experiments/results/thesis_main_v3_v3/execution/artifacts/0009_claw_hammer_llm_lie_x+0p150_y-0p030_pretrained,experiments/results/thesis_main_v3_v3/execution/artifacts/0009_claw_hammer_llm_lie_x+0p150_y-0p030_pretrained/trace.json,claw_hammer,0,True,execution/replay/trials/0009_claw_hammer_llm_lie_x+0p150_y-0p030_pretrained.json
0010_claw_hammer_llm_only_x-0p150_y-0p130_pretrained,0010_claw_hammer_llm_only_x-0p150_y-0p130,claw_hammer,swing_down,llm_only,pretrained,llm_only + pretrained,0,True,100.0,100,0.021739130434782608,0.055790532866531135,15.563108225760818,0.051254200849920516,12.579765106117868,0.24450500881492376,107.15552920990238,0,,0,,37,37,37,identity,,,,,experiments/results/thesis_main_v3_v3/execution/artifacts/0010_claw_hammer_llm_only_x-0p150_y-0p130_pretrained,experiments/results/thesis_main_v3_v3/execution/artifacts/0010_claw_hammer_llm_only_x-0p150_y-0p130_pretrained/trace.json,claw_hammer,0,True,execution/replay/trials/0010_claw_hammer_llm_only_x-0p150_y-0p130_pretrained.json
0011_claw_hammer_llm_only_x+0p000_y-0p130_pretrained,0011_claw_hammer_llm_only_x+0p000_y-0p130,claw_hammer,swing_down,llm_only,pretrained,llm_only + pretrained,0,True,100.0,100,0.02613240418118467,0.05671367862262558,16.42887497709888,0.05222048047405655,12.034960124419175,0.20904539220489404,107.41617906746863,0,,0,,37,37,37,identity,,,,,experiments/results/thesis_main_v3_v3/execution/artifacts/0011_claw_hammer_llm_only_x+0p000_y-0p130_pretrained,experiments/results/thesis_main_v3_v3/execution/artifacts/0011_claw_hammer_llm_only_x+0p000_y-0p130_pretrained/trace.json,claw_hammer,0,True,execution/replay/trials/0011_claw_hammer_llm_only_x+0p000_y-0p130_pretrained.json
0012_claw_hammer_llm_only_x+0p150_y-0p130_pretrained,0012_claw_hammer_llm_only_x+0p150_y-0p130,claw_hammer,swing_down,llm_only,pretrained,llm_only + pretrained,0,True,100.0,100,0.006550218340611353,0.06990407672872018,27.339165412069637,0.06418453617868923,20.540645315780118,0.16661442763588208,112.05435701406887,0,,0,,37,37,37,identity,,,,,experiments/results/thesis_main_v3_v3/execution/artifacts/0012_claw_hammer_llm_only_x+0p150_y-0p130_pretrained,experiments/results/thesis_main_v3_v3/execution/artifacts/0012_claw_hammer_llm_only_x+0p150_y-0p130_pretrained/trace.json,claw_hammer,0,True,execution/replay/trials/0012_claw_hammer_llm_only_x+0p150_y-0p130_pretrained.json
0013_claw_hammer_llm_only_x-0p150_y-0p080_pretrained,0013_claw_hammer_llm_only_x-0p150_y-0p080,claw_hammer,swing_down,llm_only,pretrained,llm_only + pretrained,0,True,100.0,100,0.010526315789473684,0.05996437071146285,14.376718795907335,0.05429553820834763,11.565179737176907,0.2375416444721792,112.8835836307015,0,,0,,37,37,37,identity,,,,,experiments/results/thesis_main_v3_v3/execution/artifacts/0013_claw_hammer_llm_only_x-0p150_y-0p080_pretrained,experiments/results/thesis_main_v3_v3/execution/artifacts/0013_claw_hammer_llm_only_x-0p150_y-0p080_pretrained/trace.json,claw_hammer,0,True,execution/replay/trials/0013_claw_hammer_llm_only_x-0p150_y-0p080_pretrained.json
0014_claw_hammer_llm_only_x+0p000_y-0p080_pretrained,0014_claw_hammer_llm_only_x+0p000_y-0p080,claw_hammer,swing_down,llm_only,pretrained,llm_only + pretrained,0,True,100.0,100,0.015904572564612324,0.058996236732429,17.845576624425746,0.0541162860978305,13.943278485191167,0.11527066654954789,115.47819279216948,0,,0,,37,37,37,identity,,,,,experiments/results/thesis_main_v3_v3/execution/artifacts/0014_claw_hammer_llm_only_x+0p000_y-0p080_pretrained,experiments/results/thesis_main_v3_v3/execution/artifacts/0014_claw_hammer_llm_only_x+0p000_y-0p080_pretrained/trace.json,claw_hammer,0,True,execution/replay/trials/0014_claw_hammer_llm_only_x+0p000_y-0p080_pretrained.json
0015_claw_hammer_llm_only_x+0p150_y-0p080_pretrained,0015_claw_hammer_llm_only_x+0p150_y-0p080,claw_hammer,swing_down,llm_only,pretrained,llm_only + pretrained,0,True,100.0,100,0.011516314779270634,0.05960574930837227,17.134854842198042,0.05512025505678497,13.15346849683822,0.13904755767752167,109.94232002643372,0,,0,,37,37,37,identity,,,,,experiments/results/thesis_main_v3_v3/execution/artifacts/0015_claw_hammer_llm_only_x+0p150_y-0p080_pretrained,experiments/results/thesis_main_v3_v3/execution/artifacts/0015_claw_hammer_llm_only_x+0p150_y-0p080_pretrained/trace.json,claw_hammer,0,True,execution/replay/trials/0015_claw_hammer_llm_only_x+0p150_y-0p080_pretrained.json
0016_claw_hammer_llm_only_x-0p150_y-0p030_pretrained,0016_claw_hammer_llm_only_x-0p150_y-0p030,claw_hammer,swing_down,llm_only,pretrained,llm_only + pretrained,0,True,100.0,100,0.0064516129032258064,0.06491662857739673,17.405452221499477,0.059848941179529276,12.756553798925683,0.10820839631830878,116.28212050242838,0,,0,,37,37,37,identity,,,,,experiments/results/thesis_main_v3_v3/execution/artifacts/0016_claw_hammer_llm_only_x-0p150_y-0p030_pretrained,experiments/results/thesis_main_v3_v3/execution/artifacts/0016_claw_hammer_llm_only_x-0p150_y-0p030_pretrained/trace.json,claw_hammer,0,True,execution/replay/trials/0016_claw_hammer_llm_only_x-0p150_y-0p030_pretrained.json
0017_claw_hammer_llm_only_x+0p000_y-0p030_pretrained,0017_claw_hammer_llm_only_x+0p000_y-0p030,claw_hammer,swing_down,llm_only,pretrained,llm_only + pretrained,0,True,100.0,100,0.021479713603818614,0.06248391729280018,16.795744580204044,0.05739056060789526,13.023166282379409,0.058148463845771464,15.388491764822835,5,419.0,0,,37,37,37,identity,,,,,experiments/results/thesis_main_v3_v3/execution/artifacts/0017_claw_hammer_llm_only_x+0p000_y-0p030_pretrained,experiments/results/thesis_main_v3_v3/execution/artifacts/0017_claw_hammer_llm_only_x+0p000_y-0p030_pretrained/trace.json,claw_hammer,0,True,execution/replay/trials/0017_claw_hammer_llm_only_x+0p000_y-0p030_pretrained.json
0018_claw_hammer_llm_only_x+0p150_y-0p030_pretrained,0018_claw_hammer_llm_only_x+0p150_y-0p030,claw_hammer,swing_down,llm_only,pretrained,llm_only + pretrained,0,True,100.0,100,0.011494252873563218,0.05961801469802722,17.398940380880596,0.05389829471942107,13.550584563555104,0.05652932213995184,19.124457899911892,12,435.0,0,,37,37,37,identity,,,,,experiments/results/thesis_main_v3_v3/execution/artifacts/0018_claw_hammer_llm_only_x+0p150_y-0p030_pretrained,experiments/results/thesis_main_v3_v3/execution/artifacts/0018_claw_hammer_llm_only_x+0p150_y-0p030_pretrained/trace.json,claw_hammer,0,True,execution/replay/trials/0018_claw_hammer_llm_only_x+0p150_y-0p030_pretrained.json
0019_mallet_hammer_predefined_pretrained,0019_mallet_hammer_predefined,mallet_hammer,swing_down,predefined,pretrained,predefined + pretrained,0,True,100.0,100,0.007320644216691069,0.057318260749248624,19.682892102721045,0.0531901491655666,15.657036020841963,0.14193243183777207,100.10914858425612,0,,0,,36,36,36,identity,,,,,experiments/results/thesis_main_v3_v3/execution/artifacts/0019_mallet_hammer_predefined_pretrained,experiments/results/thesis_main_v3_v3/execution/artifacts/0019_mallet_hammer_predefined_pretrained/trace.json,mallet_hammer,0,True,execution/replay/trials/0019_mallet_hammer_predefined_pretrained.json
0020_mallet_hammer_llm_lie_x-0p150_y-0p130_pretrained,0020_mallet_hammer_llm_lie_x-0p150_y-0p130,mallet_hammer,swing_down,llm_lie,pretrained,llm_lie + pretrained,0,True,100.0,100,0.002652519893899204,0.08114001480113095,32.40694245639798,0.06326467891770024,19.37050650396688,0.08210319636665153,47.18807010413167,0,,0,,11,36,36,cycle_to_predefined_length,mirrored,,,,experiments/results/thesis_main_v3_v3/execution/artifacts/0020_mallet_hammer_llm_lie_x-0p150_y-0p130_pretrained,experiments/results/thesis_main_v3_v3/execution/artifacts/0020_mallet_hammer_llm_lie_x-0p150_y-0p130_pretrained/trace.json,mallet_hammer,0,True,execution/replay/trials/0020_mallet_hammer_llm_lie_x-0p150_y-0p130_pretrained.json
0021_mallet_hammer_llm_lie_x+0p000_y-0p130_pretrained,0021_mallet_hammer_llm_lie_x+0p000_y-0p130,mallet_hammer,swing_down,llm_lie,pretrained,llm_lie + pretrained,0,True,100.0,100,0.008431703204047217,0.08389467417392801,43.262568859770404,0.06504305528772607,32.45788600955848,0.1915023239463566,132.1107510797798,476,593.0,0,,11,36,36,cycle_to_predefined_length,mirrored,,,,experiments/results/thesis_main_v3_v3/execution/artifacts/0021_mallet_hammer_llm_lie_x+0p000_y-0p130_pretrained,experiments/results/thesis_main_v3_v3/execution/artifacts/0021_mallet_hammer_llm_lie_x+0p000_y-0p130_pretrained/trace.json,mallet_hammer,0,True,execution/replay/trials/0021_mallet_hammer_llm_lie_x+0p000_y-0p130_pretrained.json
0022_mallet_hammer_llm_lie_x+0p150_y-0p130_pretrained,0022_mallet_hammer_llm_lie_x+0p150_y-0p130,mallet_hammer,swing_down,llm_lie,pretrained,llm_lie + pretrained,0,True,100.0,100,0.03333333333333333,0.11057990934701255,47.05356407451886,0.08640596747244733,33.958179644914644,0.10832079774739668,14.4315554771643,34,300.0,0,,11,36,36,cycle_to_predefined_length,mirrored,,,,experiments/results/thesis_main_v3_v3/execution/artifacts/0022_mallet_hammer_llm_lie_x+0p150_y-0p130_pretrained,experiments/results/thesis_main_v3_v3/execution/artifacts/0022_mallet_hammer_llm_lie_x+0p150_y-0p130_pretrained/trace.json,mallet_hammer,0,True,execution/replay/trials/0022_mallet_hammer_llm_lie_x+0p150_y-0p130_pretrained.json
0023_mallet_hammer_llm_lie_x-0p150_y-0p080_pretrained,0023_mallet_hammer_llm_lie_x-0p150_y-0p080,mallet_hammer,swing_down,llm_lie,pretrained,llm_lie + pretrained,0,True,100.0,100,0.009188361408882083,0.08287380260445025,37.47098396826435,0.06473449663617098,24.204057884908067,0.08104220498280974,47.31326099123934,0,,0,,11,36,36,cycle_to_predefined_length,mirrored,,,,experiments/results/thesis_main_v3_v3/execution/artifacts/0023_mallet_hammer_llm_lie_x-0p150_y-0p080_pretrained,experiments/results/thesis_main_v3_v3/execution/artifacts/0023_mallet_hammer_llm_lie_x-0p150_y-0p080_pretrained/trace.json,mallet_hammer,0,True,execution/replay/trials/0023_mallet_hammer_llm_lie_x-0p150_y-0p080_pretrained.json
0024_mallet_hammer_llm_lie_x+0p000_y-0p080_pretrained,0024_mallet_hammer_llm_lie_x+0p000_y-0p080,mallet_hammer,swing_down,llm_lie,pretrained,llm_lie + pretrained,0,True,100.0,100,0.0427807486631016,0.08564090616374681,36.51603334072017,0.06294433404617983,25.398587441288345,0.07871773448660928,48.4422874250806,0,,0,,11,36,36,cycle_to_predefined_length,mirrored,,,,experiments/results/thesis_main_v3_v3/execution/artifacts/0024_mallet_hammer_llm_lie_x+0p000_y-0p080_pretrained,experiments/results/thesis_main_v3_v3/execution/artifacts/0024_mallet_hammer_llm_lie_x+0p000_y-0p080_pretrained/trace.json,mallet_hammer,0,True,execution/replay/trials/0024_mallet_hammer_llm_lie_x+0p000_y-0p080_pretrained.json
0025_mallet_hammer_llm_lie_x+0p150_y-0p080_pretrained,0025_mallet_hammer_llm_lie_x+0p150_y-0p080,mallet_hammer,swing_down,llm_lie,pretrained,llm_lie + pretrained,0,True,100.0,100,0.004219409282700422,0.13641633189509952,53.58928242233883,0.10670892139730624,41.8911046729277,0.0852604178166891,20.383336363554,25,237.0,0,,11,36,36,cycle_to_predefined_length,mirrored,,,,experiments/results/thesis_main_v3_v3/execution/artifacts/0025_mallet_hammer_llm_lie_x+0p150_y-0p080_pretrained,experiments/results/thesis_main_v3_v3/execution/artifacts/0025_mallet_hammer_llm_lie_x+0p150_y-0p080_pretrained/trace.json,mallet_hammer,0,True,execution/replay/trials/0025_mallet_hammer_llm_lie_x+0p150_y-0p080_pretrained.json
0026_mallet_hammer_llm_lie_x-0p150_y-0p030_pretrained,0026_mallet_hammer_llm_lie_x-0p150_y-0p030,mallet_hammer,swing_down,llm_lie,pretrained,llm_lie + pretrained,0,True,100.0,100,0.019801980198019802,0.13164272977180472,64.39028421818439,0.11012246194602923,50.16392297532838,0.12498047100274466,55.75632847125211,32,202.0,0,,11,36,36,cycle_to_predefined_length,mirrored,,,,experiments/results/thesis_main_v3_v3/execution/artifacts/0026_mallet_hammer_llm_lie_x-0p150_y-0p030_pretrained,experiments/results/thesis_main_v3_v3/execution/artifacts/0026_mallet_hammer_llm_lie_x-0p150_y-0p030_pretrained/trace.json,mallet_hammer,0,True,execution/replay/trials/0026_mallet_hammer_llm_lie_x-0p150_y-0p030_pretrained.json
0027_mallet_hammer_llm_lie_x+0p000_y-0p030_pretrained,0027_mallet_hammer_llm_lie_x+0p000_y-0p030,mallet_hammer,swing_down,llm_lie,pretrained,llm_lie + pretrained,0,True,100.0,100,0.03177966101694915,0.09624161243251428,40.15710548061131,0.06845921551679993,27.238151835408065,0.0793807500433488,48.924473483313186,0,,0,,11,36,36,cycle_to_predefined_length,mirrored,,,,experiments/results/thesis_main_v3_v3/execution/artifacts/0027_mallet_hammer_llm_lie_x+0p000_y-0p030_pretrained,experiments/results/thesis_main_v3_v3/execution/artifacts/0027_mallet_hammer_llm_lie_x+0p000_y-0p030_pretrained/trace.json,mallet_hammer,0,True,execution/replay/trials/0027_mallet_hammer_llm_lie_x+0p000_y-0p030_pretrained.json
0028_mallet_hammer_llm_lie_x+0p150_y-0p030_pretrained,0028_mallet_hammer_llm_lie_x+0p150_y-0p030,mallet_hammer,swing_down,llm_lie,pretrained,llm_lie + pretrained,0,True,100.0,100,0.008333333333333333,0.151849881241686,55.05857702924892,0.11612885139454622,43.37432202533554,0.12982456387046523,39.11622271388403,204,240.0,0,,11,36,36,cycle_to_predefined_length,mirrored,,,,experiments/results/thesis_main_v3_v3/execution/artifacts/0028_mallet_hammer_llm_lie_x+0p150_y-0p030_pretrained,experiments/results/thesis_main_v3_v3/execution/artifacts/0028_mallet_hammer_llm_lie_x+0p150_y-0p030_pretrained/trace.json,mallet_hammer,0,True,execution/replay/trials/0028_mallet_hammer_llm_lie_x+0p150_y-0p030_pretrained.json
0029_mallet_hammer_llm_only_x-0p150_y-0p130_pretrained,0029_mallet_hammer_llm_only_x-0p150_y-0p130,mallet_hammer,swing_down,llm_only,pretrained,llm_only + pretrained,0,True,100.0,100,0.0,0.06380282786634521,28.63237540373783,0.059226390075878155,21.384948896217423,0.13598290380336356,100.20790614857546,222,351.0,0,,36,36,36,identity,,,,,experiments/results/thesis_main_v3_v3/execution/artifacts/0029_mallet_hammer_llm_only_x-0p150_y-0p130_pretrained,experiments/results/thesis_main_v3_v3/execution/artifacts/0029_mallet_hammer_llm_only_x-0p150_y-0p130_pretrained/trace.json,mallet_hammer,0,True,execution/replay/trials/0029_mallet_hammer_llm_only_x-0p150_y-0p130_pretrained.json
0030_mallet_hammer_llm_only_x+0p000_y-0p130_pretrained,0030_mallet_hammer_llm_only_x+0p000_y-0p130,mallet_hammer,swing_down,llm_only,pretrained,llm_only + pretrained,0,True,100.0,100,0.041666666666666664,0.05968012074722853,18.6985579476971,0.05352471201162648,14.939954159765882,0.19692831887942286,100.90080533131379,0,,0,,36,36,36,identity,,,,,experiments/results/thesis_main_v3_v3/execution/artifacts/0030_mallet_hammer_llm_only_x+0p000_y-0p130_pretrained,experiments/results/thesis_main_v3_v3/execution/artifacts/0030_mallet_hammer_llm_only_x+0p000_y-0p130_pretrained/trace.json,mallet_hammer,0,True,execution/replay/trials/0030_mallet_hammer_llm_only_x+0p000_y-0p130_pretrained.json
0031_mallet_hammer_llm_only_x+0p150_y-0p130_pretrained,0031_mallet_hammer_llm_only_x+0p150_y-0p130,mallet_hammer,swing_down,llm_only,pretrained,llm_only + pretrained,0,True,100.0,100,0.0,0.0627794286281489,24.516707411586093,0.0586368216756301,21.33127074958556,0.13879614136644186,52.29838056171482,332,579.0,0,,36,36,36,identity,,,,,experiments/results/thesis_main_v3_v3/execution/artifacts/0031_mallet_hammer_llm_only_x+0p150_y-0p130_pretrained,experiments/results/thesis_main_v3_v3/execution/artifacts/0031_mallet_hammer_llm_only_x+0p150_y-0p130_pretrained/trace.json,mallet_hammer,0,True,execution/replay/trials/0031_mallet_hammer_llm_only_x+0p150_y-0p130_pretrained.json
0032_mallet_hammer_llm_only_x-0p150_y-0p080_pretrained,0032_mallet_hammer_llm_only_x-0p150_y-0p080,mallet_hammer,swing_down,llm_only,pretrained,llm_only + pretrained,0,True,100.0,100,0.02643171806167401,0.054607126515391256,20.131047328614354,0.049512309136997217,15.474600398153918,0.3138576469274486,96.69180980932599,0,,0,,36,36,36,identity,,,,,experiments/results/thesis_main_v3_v3/execution/artifacts/0032_mallet_hammer_llm_only_x-0p150_y-0p080_pretrained,experiments/results/thesis_main_v3_v3/execution/artifacts/0032_mallet_hammer_llm_only_x-0p150_y-0p080_pretrained/trace.json,mallet_hammer,0,True,execution/replay/trials/0032_mallet_hammer_llm_only_x-0p150_y-0p080_pretrained.json
0033_mallet_hammer_llm_only_x+0p000_y-0p080_pretrained,0033_mallet_hammer_llm_only_x+0p000_y-0p080,mallet_hammer,swing_down,llm_only,pretrained,llm_only + pretrained,0,True,100.0,100,0.01935483870967742,0.06182637189746934,19.005118026673145,0.05615342853313134,14.031293203587412,0.25603050045565195,94.00595410922709,0,,0,,36,36,36,identity,,,,,experiments/results/thesis_main_v3_v3/execution/artifacts/0033_mallet_hammer_llm_only_x+0p000_y-0p080_pretrained,experiments/results/thesis_main_v3_v3/execution/artifacts/0033_mallet_hammer_llm_only_x+0p000_y-0p080_pretrained/trace.json,mallet_hammer,0,True,execution/replay/trials/0033_mallet_hammer_llm_only_x+0p000_y-0p080_pretrained.json
0034_mallet_hammer_llm_only_x+0p150_y-0p080_pretrained,0034_mallet_hammer_llm_only_x+0p150_y-0p080,mallet_hammer,swing_down,llm_only,pretrained,llm_only + pretrained,0,True,100.0,100,0.011795543905635648,0.05414052959767974,23.620363070093678,0.0499246924599731,17.5736408883859,0.14865001533042219,89.7830526064529,0,,0,,36,36,36,identity,,,,,experiments/results/thesis_main_v3_v3/execution/artifacts/0034_mallet_hammer_llm_only_x+0p150_y-0p080_pretrained,experiments/results/thesis_main_v3_v3/execution/artifacts/0034_mallet_hammer_llm_only_x+0p150_y-0p080_pretrained/trace.json,mallet_hammer,0,True,execution/replay/trials/0034_mallet_hammer_llm_only_x+0p150_y-0p080_pretrained.json
0035_mallet_hammer_llm_only_x-0p150_y-0p030_pretrained,0035_mallet_hammer_llm_only_x-0p150_y-0p030,mallet_hammer,swing_down,llm_only,pretrained,llm_only + pretrained,0,True,100.0,100,0.01995798319327731,0.05477659046706204,17.818994113817222,0.05056304224894345,14.384931467838019,0.2829804269005398,95.34407387815892,0,,0,,36,36,36,identity,,,,,experiments/results/thesis_main_v3_v3/execution/artifacts/0035_mallet_hammer_llm_only_x-0p150_y-0p030_pretrained,experiments/results/thesis_main_v3_v3/execution/artifacts/0035_mallet_hammer_llm_only_x-0p150_y-0p030_pretrained/trace.json,mallet_hammer,0,True,execution/replay/trials/0035_mallet_hammer_llm_only_x-0p150_y-0p030_pretrained.json
0036_mallet_hammer_llm_only_x+0p000_y-0p030_pretrained,0036_mallet_hammer_llm_only_x+0p000_y-0p030,mallet_hammer,swing_down,llm_only,pretrained,llm_only + pretrained,0,True,100.0,100,0.001221001221001221,0.05536818449327975,16.711345633817213,0.051278697111477714,13.004295508970273,0.16327786058661625,101.68651414867935,0,,0,,36,36,36,identity,,,,,experiments/results/thesis_main_v3_v3/execution/artifacts/0036_mallet_hammer_llm_only_x+0p000_y-0p030_pretrained,experiments/results/thesis_main_v3_v3/execution/artifacts/0036_mallet_hammer_llm_only_x+0p000_y-0p030_pretrained/trace.json,mallet_hammer,0,True,execution/replay/trials/0036_mallet_hammer_llm_only_x+0p000_y-0p030_pretrained.json
0037_mallet_hammer_llm_only_x+0p150_y-0p030_pretrained,0037_mallet_hammer_llm_only_x+0p150_y-0p030,mallet_hammer,swing_down,llm_only,pretrained,llm_only + pretrained,0,True,100.0,100,0.0012300123001230013,0.055940690866904993,15.412210925050955,0.05250878138452157,11.98404937402466,0.11651335521037243,99.79761876389405,0,,0,,36,36,36,identity,,,,,experiments/results/thesis_main_v3_v3/execution/artifacts/0037_mallet_hammer_llm_only_x+0p150_y-0p030_pretrained,experiments/results/thesis_main_v3_v3/execution/artifacts/0037_mallet_hammer_llm_only_x+0p150_y-0p030_pretrained/trace.json,mallet_hammer,0,True,execution/replay/trials/0037_mallet_hammer_llm_only_x+0p150_y-0p030_pretrained.json
0038_cuboid_hammer_v014_predefined_pretrained,0038_cuboid_hammer_v014_predefined,cuboid_hammer_v014,swing_down,predefined,pretrained,predefined + pretrained,0,True,100.0,100,0.001229256299938537,0.06044677251335789,39.61221162014914,0.05495370092710512,31.05183293992104,0.13692403776569861,118.4020572841401,0,,0,,37,37,37,identity,,,,,experiments/results/thesis_main_v3_v3/execution/artifacts/0038_cuboid_hammer_v014_predefined_pretrained,experiments/results/thesis_main_v3_v3/execution/artifacts/0038_cuboid_hammer_v014_predefined_pretrained/trace.json,claw_hammer,0,True,execution/replay/trials/0038_cuboid_hammer_v014_predefined_pretrained.json
0039_cuboid_hammer_v014_llm_lie_x-0p150_y-0p130_pretrained,0039_cuboid_hammer_v014_llm_lie_x-0p150_y-0p130,cuboid_hammer_v014,swing_down,llm_lie,pretrained,llm_lie + pretrained,0,True,100.0,100,0.003787878787878788,0.09283840941673147,38.04786547812448,0.07082926332911002,26.99569506071785,0.1157820944023884,67.68447904215978,0,,0,,12,37,37,cycle_to_predefined_length,mirrored,,,,experiments/results/thesis_main_v3_v3/execution/artifacts/0039_cuboid_hammer_v014_llm_lie_x-0p150_y-0p130_pretrained,experiments/results/thesis_main_v3_v3/execution/artifacts/0039_cuboid_hammer_v014_llm_lie_x-0p150_y-0p130_pretrained/trace.json,claw_hammer,0,True,execution/replay/trials/0039_cuboid_hammer_v014_llm_lie_x-0p150_y-0p130_pretrained.json
0040_cuboid_hammer_v014_llm_lie_x+0p000_y-0p130_pretrained,0040_cuboid_hammer_v014_llm_lie_x+0p000_y-0p130,cuboid_hammer_v014,swing_down,llm_lie,pretrained,llm_lie + pretrained,0,False,89.1891891891892,89,0.006388297379872234,0.07243313087537087,28.325415283443256,0.05853819637243129,13.17274611354129,0.07588183417893885,9.067399371375581,0,,0,,12,37,37,cycle_to_predefined_length,mirrored,execution_failure,experiment_timeout,,experiments/results/thesis_main_v3_v3/execution/artifacts/0040_cuboid_hammer_v014_llm_lie_x+0p000_y-0p130_pretrained,experiments/results/thesis_main_v3_v3/execution/artifacts/0040_cuboid_hammer_v014_llm_lie_x+0p000_y-0p130_pretrained/trace.json,claw_hammer,0,True,execution/replay/trials/0040_cuboid_hammer_v014_llm_lie_x+0p000_y-0p130_pretrained.json
0041_cuboid_hammer_v014_llm_lie_x+0p150_y-0p130_pretrained,0041_cuboid_hammer_v014_llm_lie_x+0p150_y-0p130,cuboid_hammer_v014,swing_down,llm_lie,pretrained,llm_lie + pretrained,0,True,100.0,100,0.0350597609561753,0.1224264520269081,56.35489712482813,0.09657854518134329,41.58200610583045,0.10805930246564772,71.13411349784013,0,,0,,12,37,37,cycle_to_predefined_length,mirrored,,,,experiments/results/thesis_main_v3_v3/execution/artifacts/0041_cuboid_hammer_v014_llm_lie_x+0p150_y-0p130_pretrained,experiments/results/thesis_main_v3_v3/execution/artifacts/0041_cuboid_hammer_v014_llm_lie_x+0p150_y-0p130_pretrained/trace.json,claw_hammer,0,True,execution/replay/trials/0041_cuboid_hammer_v014_llm_lie_x+0p150_y-0p130_pretrained.json
0042_cuboid_hammer_v014_llm_lie_x-0p150_y-0p080_pretrained,0042_cuboid_hammer_v014_llm_lie_x-0p150_y-0p080,cuboid_hammer_v014,swing_down,llm_lie,pretrained,llm_lie + pretrained,0,False,97.29729729729729,97,0.022816679779701022,0.17355063246955124,79.78229417691182,0.14962405384998725,67.50844872679131,0.11038485223559667,158.40023754796724,9419,1271.0,9254,1547.0,12,37,37,cycle_to_predefined_length,mirrored,execution_failure,experiment_timeout,,experiments/results/thesis_main_v3_v3/execution/artifacts/0042_cuboid_hammer_v014_llm_lie_x-0p150_y-0p080_pretrained,experiments/results/thesis_main_v3_v3/execution/artifacts/0042_cuboid_hammer_v014_llm_lie_x-0p150_y-0p080_pretrained/trace.json,claw_hammer,0,True,execution/replay/trials/0042_cuboid_hammer_v014_llm_lie_x-0p150_y-0p080_pretrained.json
0043_cuboid_hammer_v014_llm_lie_x+0p000_y-0p080_pretrained,0043_cuboid_hammer_v014_llm_lie_x+0p000_y-0p080,cuboid_hammer_v014,swing_down,llm_lie,pretrained,llm_lie + pretrained,0,True,100.0,100,0.06394557823129252,0.08832599460025044,37.53154580418915,0.06712903306534038,23.602168571277616,0.11464357783663692,68.83606422687294,0,,0,,12,37,37,cycle_to_predefined_length,mirrored,,,,experiments/results/thesis_main_v3_v3/execution/artifacts/0043_cuboid_hammer_v014_llm_lie_x+0p000_y-0p080_pretrained,experiments/results/thesis_main_v3_v3/execution/artifacts/0043_cuboid_hammer_v014_llm_lie_x+0p000_y-0p080_pretrained/trace.json,claw_hammer,0,True,execution/replay/trials/0043_cuboid_hammer_v014_llm_lie_x+0p000_y-0p080_pretrained.json
0044_cuboid_hammer_v014_llm_lie_x+0p150_y-0p080_pretrained,0044_cuboid_hammer_v014_llm_lie_x+0p150_y-0p080,cuboid_hammer_v014,swing_down,llm_lie,pretrained,llm_lie + pretrained,0,True,100.0,100,0.0,0.15543684712458586,90.97361456605127,0.1486207936834858,89.76571686477314,0.16620879500239547,113.77788711562356,129,204.0,0,,12,37,37,cycle_to_predefined_length,mirrored,,,,experiments/results/thesis_main_v3_v3/execution/artifacts/0044_cuboid_hammer_v014_llm_lie_x+0p150_y-0p080_pretrained,experiments/results/thesis_main_v3_v3/execution/artifacts/0044_cuboid_hammer_v014_llm_lie_x+0p150_y-0p080_pretrained/trace.json,claw_hammer,0,True,execution/replay/trials/0044_cuboid_hammer_v014_llm_lie_x+0p150_y-0p080_pretrained.json
0045_cuboid_hammer_v014_llm_lie_x-0p150_y-0p030_pretrained,0045_cuboid_hammer_v014_llm_lie_x-0p150_y-0p030,cuboid_hammer_v014,swing_down,llm_lie,pretrained,llm_lie + pretrained,0,True,100.0,100,0.0,0.19495268259230603,106.62872314477235,0.19371711024045124,105.0489040230618,0.26428103446453705,135.51146957644573,258,1979.0,0,,12,37,37,cycle_to_predefined_length,mirrored,,,,experiments/results/thesis_main_v3_v3/execution/artifacts/0045_cuboid_hammer_v014_llm_lie_x-0p150_y-0p030_pretrained,experiments/results/thesis_main_v3_v3/execution/artifacts/0045_cuboid_hammer_v014_llm_lie_x-0p150_y-0p030_pretrained/trace.json,claw_hammer,0,True,execution/replay/trials/0045_cuboid_hammer_v014_llm_lie_x-0p150_y-0p030_pretrained.json
0046_cuboid_hammer_v014_llm_lie_x+0p000_y-0p030_pretrained,0046_cuboid_hammer_v014_llm_lie_x+0p000_y-0p030,cuboid_hammer_v014,swing_down,llm_lie,pretrained,llm_lie + pretrained,0,True,100.0,100,0.03710575139146568,0.08673758322541464,39.55497308242628,0.06619181826485687,26.808042863497104,0.1121844782187713,70.01179882569475,0,,0,,12,37,37,cycle_to_predefined_length,mirrored,,,,experiments/results/thesis_main_v3_v3/execution/artifacts/0046_cuboid_hammer_v014_llm_lie_x+0p000_y-0p030_pretrained,experiments/results/thesis_main_v3_v3/execution/artifacts/0046_cuboid_hammer_v014_llm_lie_x+0p000_y-0p030_pretrained/trace.json,claw_hammer,0,True,execution/replay/trials/0046_cuboid_hammer_v014_llm_lie_x+0p000_y-0p030_pretrained.json
0047_cuboid_hammer_v014_llm_lie_x+0p150_y-0p030_pretrained,0047_cuboid_hammer_v014_llm_lie_x+0p150_y-0p030,cuboid_hammer_v014,swing_down,llm_lie,pretrained,llm_lie + pretrained,0,True,100.0,100,0.020477815699658702,0.08121435472991272,35.92546141665697,0.06300851538093184,25.775862122341675,0.11550588370758355,67.06684615478414,0,,0,,12,37,37,cycle_to_predefined_length,mirrored,,,,experiments/results/thesis_main_v3_v3/execution/artifacts/0047_cuboid_hammer_v014_llm_lie_x+0p150_y-0p030_pretrained,experiments/results/thesis_main_v3_v3/execution/artifacts/0047_cuboid_hammer_v014_llm_lie_x+0p150_y-0p030_pretrained/trace.json,claw_hammer,0,True,execution/replay/trials/0047_cuboid_hammer_v014_llm_lie_x+0p150_y-0p030_pretrained.json
0048_cuboid_hammer_v014_llm_only_x-0p150_y-0p130_pretrained,0048_cuboid_hammer_v014_llm_only_x-0p150_y-0p130,cuboid_hammer_v014,swing_down,llm_only,pretrained,llm_only + pretrained,0,True,100.0,100,0.02631578947368421,0.055588544137435886,29.150052938182903,0.051578405713531145,20.848796203790467,0.27832611093599735,105.9200379522459,0,,0,,37,37,37,identity,,,,,experiments/results/thesis_main_v3_v3/execution/artifacts/0048_cuboid_hammer_v014_llm_only_x-0p150_y-0p130_pretrained,experiments/results/thesis_main_v3_v3/execution/artifacts/0048_cuboid_hammer_v014_llm_only_x-0p150_y-0p130_pretrained/trace.json,claw_hammer,0,True,execution/replay/trials/0048_cuboid_hammer_v014_llm_only_x-0p150_y-0p130_pretrained.json
0049_cuboid_hammer_v014_llm_only_x+0p000_y-0p130_pretrained,0049_cuboid_hammer_v014_llm_only_x+0p000_y-0p130,cuboid_hammer_v014,swing_down,llm_only,pretrained,llm_only + pretrained,0,True,100.0,100,0.03863134657836645,0.055717071203340345,33.51451086188424,0.05084171586895861,24.2355894023068,0.17177886126055383,102.53961186862115,0,,0,,37,37,37,identity,,,,,experiments/results/thesis_main_v3_v3/execution/artifacts/0049_cuboid_hammer_v014_llm_only_x+0p000_y-0p130_pretrained,experiments/results/thesis_main_v3_v3/execution/artifacts/0049_cuboid_hammer_v014_llm_only_x+0p000_y-0p130_pretrained/trace.json,claw_hammer,0,True,execution/replay/trials/0049_cuboid_hammer_v014_llm_only_x+0p000_y-0p130_pretrained.json
0050_cuboid_hammer_v014_llm_only_x+0p150_y-0p130_pretrained,0050_cuboid_hammer_v014_llm_only_x+0p150_y-0p130,cuboid_hammer_v014,swing_down,llm_only,pretrained,llm_only + pretrained,0,True,100.0,100,0.0,0.06741823888946644,49.28360045600939,0.06100731997736138,35.30687076282554,0.15261998205803742,144.1858154062356,233,371.0,0,,37,37,37,identity,,,,,experiments/results/thesis_main_v3_v3/execution/artifacts/0050_cuboid_hammer_v014_llm_only_x+0p150_y-0p130_pretrained,experiments/results/thesis_main_v3_v3/execution/artifacts/0050_cuboid_hammer_v014_llm_only_x+0p150_y-0p130_pretrained/trace.json,claw_hammer,0,True,execution/replay/trials/0050_cuboid_hammer_v014_llm_only_x+0p150_y-0p130_pretrained.json
0051_cuboid_hammer_v014_llm_only_x-0p150_y-0p080_pretrained,0051_cuboid_hammer_v014_llm_only_x-0p150_y-0p080,cuboid_hammer_v014,swing_down,llm_only,pretrained,llm_only + pretrained,0,False,70.27027027027027,70,0.04398826979472141,0.05012788656341396,28.185819057402178,0.04535107369227548,21.602531291560975,0.1343977376650029,131.23910369820803,10119,682.0,9969,832.0,37,37,37,identity,,execution_failure,experiment_timeout,,experiments/results/thesis_main_v3_v3/execution/artifacts/0051_cuboid_hammer_v014_llm_only_x-0p150_y-0p080_pretrained,experiments/results/thesis_main_v3_v3/execution/artifacts/0051_cuboid_hammer_v014_llm_only_x-0p150_y-0p080_pretrained/trace.json,claw_hammer,0,True,execution/replay/trials/0051_cuboid_hammer_v014_llm_only_x-0p150_y-0p080_pretrained.json
0052_cuboid_hammer_v014_llm_only_x+0p000_y-0p080_pretrained,0052_cuboid_hammer_v014_llm_only_x+0p000_y-0p080,cuboid_hammer_v014,swing_down,llm_only,pretrained,llm_only + pretrained,0,True,100.0,100,0.001364256480218281,0.07028939039890447,29.703459521171034,0.06613801790842554,22.826917698508623,0.16165354441855528,172.02773511628794,223,733.0,0,,37,37,37,identity,,,,,experiments/results/thesis_main_v3_v3/execution/artifacts/0052_cuboid_hammer_v014_llm_only_x+0p000_y-0p080_pretrained,experiments/results/thesis_main_v3_v3/execution/artifacts/0052_cuboid_hammer_v014_llm_only_x+0p000_y-0p080_pretrained/trace.json,claw_hammer,0,True,execution/replay/trials/0052_cuboid_hammer_v014_llm_only_x+0p000_y-0p080_pretrained.json
0053_cuboid_hammer_v014_llm_only_x+0p150_y-0p080_pretrained,0053_cuboid_hammer_v014_llm_only_x+0p150_y-0p080,cuboid_hammer_v014,swing_down,llm_only,pretrained,llm_only + pretrained,0,False,40.54054054054054,41,0.0,0.05654275336413784,19.949771010467995,0.05623581200535852,19.60190957997545,0.05696917894719115,20.109428097792073,0,,0,,37,37,37,identity,,execution_failure,experiment_timeout,,experiments/results/thesis_main_v3_v3/execution/artifacts/0053_cuboid_hammer_v014_llm_only_x+0p150_y-0p080_pretrained,experiments/results/thesis_main_v3_v3/execution/artifacts/0053_cuboid_hammer_v014_llm_only_x+0p150_y-0p080_pretrained/trace.json,claw_hammer,0,True,execution/replay/trials/0053_cuboid_hammer_v014_llm_only_x+0p150_y-0p080_pretrained.json
0054_cuboid_hammer_v014_llm_only_x-0p150_y-0p030_pretrained,0054_cuboid_hammer_v014_llm_only_x-0p150_y-0p030,cuboid_hammer_v014,swing_down,llm_only,pretrained,llm_only + pretrained,0,True,100.0,100,0.028735632183908046,0.07537914866058194,40.93486925711336,0.06888697916861841,26.920234403803487,0.15294122566921384,120.63322038825213,69,174.0,0,,37,37,37,identity,,,,,experiments/results/thesis_main_v3_v3/execution/artifacts/0054_cuboid_hammer_v014_llm_only_x-0p150_y-0p030_pretrained,experiments/results/thesis_main_v3_v3/execution/artifacts/0054_cuboid_hammer_v014_llm_only_x-0p150_y-0p030_pretrained/trace.json,claw_hammer,0,True,execution/replay/trials/0054_cuboid_hammer_v014_llm_only_x-0p150_y-0p030_pretrained.json
0055_cuboid_hammer_v014_llm_only_x+0p000_y-0p030_pretrained,0055_cuboid_hammer_v014_llm_only_x+0p000_y-0p030,cuboid_hammer_v014,swing_down,llm_only,pretrained,llm_only + pretrained,0,True,100.0,100,0.012032085561497326,0.07743029295998088,68.28822208736356,0.06463075888371714,41.72650269252257,0.067859783723061,30.435731818041113,73,748.0,0,,37,37,37,identity,,,,,experiments/results/thesis_main_v3_v3/execution/artifacts/0055_cuboid_hammer_v014_llm_only_x+0p000_y-0p030_pretrained,experiments/results/thesis_main_v3_v3/execution/artifacts/0055_cuboid_hammer_v014_llm_only_x+0p000_y-0p030_pretrained/trace.json,claw_hammer,0,True,execution/replay/trials/0055_cuboid_hammer_v014_llm_only_x+0p000_y-0p030_pretrained.json
0056_cuboid_hammer_v014_llm_only_x+0p150_y-0p030_pretrained,0056_cuboid_hammer_v014_llm_only_x+0p150_y-0p030,cuboid_hammer_v014,swing_down,llm_only,pretrained,llm_only + pretrained,0,True,100.0,100,0.0012815036309269544,0.05093924699687095,18.176120063509273,0.04937340163412594,8.871563975297283,0.1793257182494424,107.20434578008822,0,,0,,37,37,37,identity,,,,,experiments/results/thesis_main_v3_v3/execution/artifacts/0056_cuboid_hammer_v014_llm_only_x+0p150_y-0p030_pretrained,experiments/results/thesis_main_v3_v3/execution/artifacts/0056_cuboid_hammer_v014_llm_only_x+0p150_y-0p030_pretrained/trace.json,claw_hammer,0,True,execution/replay/trials/0056_cuboid_hammer_v014_llm_only_x+0p150_y-0p030_pretrained.json
0057_long_screwdriver_predefined_pretrained,0057_long_screwdriver_predefined,long_screwdriver,spin_vertical,predefined,pretrained,predefined + pretrained,0,False,58.0,58,0.0006583278472679394,0.09188850067541332,86.0262554343542,0.08397443831750792,77.85336803230192,0.17246149597372287,82.83449674109974,6244,4557.0,6224,4577.0,100,100,100,identity,,execution_failure,experiment_timeout,,experiments/results/thesis_main_v3_v3/execution/artifacts/0057_long_screwdriver_predefined_pretrained,experiments/results/thesis_main_v3_v3/execution/artifacts/0057_long_screwdriver_predefined_pretrained/trace.json,long_screwdriver,0,True,execution/replay/trials/0057_long_screwdriver_predefined_pretrained.json
0058_long_screwdriver_llm_lie_x-0p150_y-0p130_pretrained,0058_long_screwdriver_llm_lie_x-0p150_y-0p130,long_screwdriver,spin_vertical,llm_lie,pretrained,llm_lie + pretrained,0,False,34.0,34,0.0,0.09247644946824844,70.1422697362072,0.07750486076844675,53.546358568549365,0.2819374191034459,176.23918576304547,7809,2992.0,7797,3004.0,9,100,100,cycle_to_predefined_length,forward_repeat,execution_failure,experiment_timeout,,experiments/results/thesis_main_v3_v3/execution/artifacts/0058_long_screwdriver_llm_lie_x-0p150_y-0p130_pretrained,experiments/results/thesis_main_v3_v3/execution/artifacts/0058_long_screwdriver_llm_lie_x-0p150_y-0p130_pretrained/trace.json,long_screwdriver,0,True,execution/replay/trials/0058_long_screwdriver_llm_lie_x-0p150_y-0p130_pretrained.json
0059_long_screwdriver_llm_lie_x+0p000_y-0p130_pretrained,0059_long_screwdriver_llm_lie_x+0p000_y-0p130,long_screwdriver,spin_vertical,llm_lie,pretrained,llm_lie + pretrained,0,True,100.0,100,0.0,0.07636163751596915,56.94686260197865,0.06300590688601992,44.24092635665605,0.03065630526895888,19.65529181632093,0,,0,,9,100,100,cycle_to_predefined_length,forward_repeat,,,,experiments/results/thesis_main_v3_v3/execution/artifacts/0059_long_screwdriver_llm_lie_x+0p000_y-0p130_pretrained,experiments/results/thesis_main_v3_v3/execution/artifacts/0059_long_screwdriver_llm_lie_x+0p000_y-0p130_pretrained/trace.json,long_screwdriver,0,True,execution/replay/trials/0059_long_screwdriver_llm_lie_x+0p000_y-0p130_pretrained.json
0060_long_screwdriver_llm_lie_x+0p150_y-0p130_pretrained,0060_long_screwdriver_llm_lie_x+0p150_y-0p130,long_screwdriver,spin_vertical,llm_lie,pretrained,llm_lie + pretrained,0,True,100.0,100,0.0,0.08165340777294894,63.13854069003532,0.06891661964822153,46.87699857699052,0.03785716539060258,4.262133154968408,0,,0,,9,100,100,cycle_to_predefined_length,forward_repeat,,,,experiments/results/thesis_main_v3_v3/execution/artifacts/0060_long_screwdriver_llm_lie_x+0p150_y-0p130_pretrained,experiments/results/thesis_main_v3_v3/execution/artifacts/0060_long_screwdriver_llm_lie_x+0p150_y-0p130_pretrained/trace.json,long_screwdriver,0,True,execution/replay/trials/0060_long_screwdriver_llm_lie_x+0p150_y-0p130_pretrained.json
0061_long_screwdriver_llm_lie_x-0p150_y-0p080_pretrained,0061_long_screwdriver_llm_lie_x-0p150_y-0p080,long_screwdriver,spin_vertical,llm_lie,pretrained,llm_lie + pretrained,0,False,93.0,93,0.0,0.08396100609758321,58.44266443749341,0.07508408548173272,48.87546848161014,0.23039139991868346,147.3029874106491,3882,5983.0,3498,7303.0,9,100,100,cycle_to_predefined_length,forward_repeat,execution_failure,experiment_timeout,,experiments/results/thesis_main_v3_v3/execution/artifacts/0061_long_screwdriver_llm_lie_x-0p150_y-0p080_pretrained,experiments/results/thesis_main_v3_v3/execution/artifacts/0061_long_screwdriver_llm_lie_x-0p150_y-0p080_pretrained/trace.json,long_screwdriver,0,True,execution/replay/trials/0061_long_screwdriver_llm_lie_x-0p150_y-0p080_pretrained.json
0062_long_screwdriver_llm_lie_x+0p000_y-0p080_pretrained,0062_long_screwdriver_llm_lie_x+0p000_y-0p080,long_screwdriver,spin_vertical,llm_lie,pretrained,llm_lie + pretrained,0,True,100.0,100,0.0,0.07329210014678172,58.13478134312861,0.06411668518384757,47.05001072629709,0.03171765556535058,21.750522926868854,0,,0,,9,100,100,cycle_to_predefined_length,forward_repeat,,,,experiments/results/thesis_main_v3_v3/execution/artifacts/0062_long_screwdriver_llm_lie_x+0p000_y-0p080_pretrained,experiments/results/thesis_main_v3_v3/execution/artifacts/0062_long_screwdriver_llm_lie_x+0p000_y-0p080_pretrained/trace.json,long_screwdriver,0,True,execution/replay/trials/0062_long_screwdriver_llm_lie_x+0p000_y-0p080_pretrained.json
0063_long_screwdriver_llm_lie_x+0p150_y-0p080_pretrained,0063_long_screwdriver_llm_lie_x+0p150_y-0p080,long_screwdriver,spin_vertical,llm_lie,pretrained,llm_lie + pretrained,0,True,100.0,100,0.0,0.07645201998167135,45.927034773495414,0.06679867441388977,30.45762249340029,0.23191517105734474,148.83870912174106,272,7446.0,0,,9,100,100,cycle_to_predefined_length,forward_repeat,,,,experiments/results/thesis_main_v3_v3/execution/artifacts/0063_long_screwdriver_llm_lie_x+0p150_y-0p080_pretrained,experiments/results/thesis_main_v3_v3/execution/artifacts/0063_long_screwdriver_llm_lie_x+0p150_y-0p080_pretrained/trace.json,long_screwdriver,0,True,execution/replay/trials/0063_long_screwdriver_llm_lie_x+0p150_y-0p080_pretrained.json
0064_long_screwdriver_llm_lie_x-0p150_y-0p030_pretrained,0064_long_screwdriver_llm_lie_x-0p150_y-0p030,long_screwdriver,spin_vertical,llm_lie,pretrained,llm_lie + pretrained,0,True,100.0,100,0.0,0.0668990074302741,58.157048487721795,0.05507908422495557,46.48105069641871,0.03520744872152175,6.41741005180206,0,,0,,9,100,100,cycle_to_predefined_length,forward_repeat,,,,experiments/results/thesis_main_v3_v3/execution/artifacts/0064_long_screwdriver_llm_lie_x-0p150_y-0p030_pretrained,experiments/results/thesis_main_v3_v3/execution/artifacts/0064_long_screwdriver_llm_lie_x-0p150_y-0p030_pretrained/trace.json,long_screwdriver,0,True,execution/replay/trials/0064_long_screwdriver_llm_lie_x-0p150_y-0p030_pretrained.json
0065_long_screwdriver_llm_lie_x+0p000_y-0p030_pretrained,0065_long_screwdriver_llm_lie_x+0p000_y-0p030,long_screwdriver,spin_vertical,llm_lie,pretrained,llm_lie + pretrained,0,True,100.0,100,0.0,0.07288766554282157,58.02404830319473,0.06447497008353943,47.46143572455545,0.025022722586569967,15.774185479684407,0,,0,,9,100,100,cycle_to_predefined_length,forward_repeat,,,,experiments/results/thesis_main_v3_v3/execution/artifacts/0065_long_screwdriver_llm_lie_x+0p000_y-0p030_pretrained,experiments/results/thesis_main_v3_v3/execution/artifacts/0065_long_screwdriver_llm_lie_x+0p000_y-0p030_pretrained/trace.json,long_screwdriver,0,True,execution/replay/trials/0065_long_screwdriver_llm_lie_x+0p000_y-0p030_pretrained.json
0066_long_screwdriver_llm_lie_x+0p150_y-0p030_pretrained,0066_long_screwdriver_llm_lie_x+0p150_y-0p030,long_screwdriver,spin_vertical,llm_lie,pretrained,llm_lie + pretrained,0,False,43.0,43,0.0,0.08092399409964152,35.08308989382696,0.07455420540934478,20.800072874498145,0.05037514118663116,8.509012249511532,0,,0,,9,100,100,cycle_to_predefined_length,forward_repeat,execution_failure,experiment_timeout,,experiments/results/thesis_main_v3_v3/execution/artifacts/0066_long_screwdriver_llm_lie_x+0p150_y-0p030_pretrained,experiments/results/thesis_main_v3_v3/execution/artifacts/0066_long_screwdriver_llm_lie_x+0p150_y-0p030_pretrained/trace.json,long_screwdriver,0,True,execution/replay/trials/0066_long_screwdriver_llm_lie_x+0p150_y-0p030_pretrained.json
0067_long_screwdriver_llm_only_x-0p150_y-0p130_pretrained,0067_long_screwdriver_llm_only_x-0p150_y-0p130,long_screwdriver,spin_vertical,llm_only,pretrained,llm_only + pretrained,0,False,69.0,69,0.0036133694670280035,0.054464475266902956,63.84739169034438,0.04691295286810666,50.42964292730833,0.17402405200740279,159.02686783062967,9694,1107.0,9667,1134.0,100,100,100,identity,,execution_failure,experiment_timeout,,experiments/results/thesis_main_v3_v3/execution/artifacts/0067_long_screwdriver_llm_only_x-0p150_y-0p130_pretrained,experiments/results/thesis_main_v3_v3/execution/artifacts/0067_long_screwdriver_llm_only_x-0p150_y-0p130_pretrained/trace.json,long_screwdriver,0,True,execution/replay/trials/0067_long_screwdriver_llm_only_x-0p150_y-0p130_pretrained.json
0068_long_screwdriver_llm_only_x+0p000_y-0p130_pretrained,0068_long_screwdriver_llm_only_x+0p000_y-0p130,long_screwdriver,spin_vertical,llm_only,pretrained,llm_only + pretrained,0,False,35.0,35,0.00034411562284927734,0.091232904988022,46.9263008308148,0.08625047930779058,37.021047775441495,0.17463862369693,17.578238882007774,7895,2906.0,7879,2922.0,100,100,100,identity,,execution_failure,experiment_timeout,,experiments/results/thesis_main_v3_v3/execution/artifacts/0068_long_screwdriver_llm_only_x+0p000_y-0p130_pretrained,experiments/results/thesis_main_v3_v3/execution/artifacts/0068_long_screwdriver_llm_only_x+0p000_y-0p130_pretrained/trace.json,long_screwdriver,0,True,execution/replay/trials/0068_long_screwdriver_llm_only_x+0p000_y-0p130_pretrained.json
0069_long_screwdriver_llm_only_x+0p150_y-0p130_pretrained,0069_long_screwdriver_llm_only_x+0p150_y-0p130,long_screwdriver,spin_vertical,llm_only,pretrained,llm_only + pretrained,0,False,46.0,46,0.0,0.07396261011589086,58.60366468515759,0.06871453309623016,45.46607983516469,0.1659563222262045,179.37015483540026,8832,1969.0,8810,1991.0,100,100,100,identity,,execution_failure,experiment_timeout,,experiments/results/thesis_main_v3_v3/execution/artifacts/0069_long_screwdriver_llm_only_x+0p150_y-0p130_pretrained,experiments/results/thesis_main_v3_v3/execution/artifacts/0069_long_screwdriver_llm_only_x+0p150_y-0p130_pretrained/trace.json,long_screwdriver,0,True,execution/replay/trials/0069_long_screwdriver_llm_only_x+0p150_y-0p130_pretrained.json
0070_long_screwdriver_llm_only_x-0p150_y-0p080_pretrained,0070_long_screwdriver_llm_only_x-0p150_y-0p080,long_screwdriver,spin_vertical,llm_only,pretrained,llm_only + pretrained,0,False,58.0,58,0.009813542688910697,0.05656343863517441,63.65363550197965,0.04952641336744565,46.03408571249737,0.1701779605011485,164.70482861391585,9782,1019.0,9758,1043.0,100,100,100,identity,,execution_failure,experiment_timeout,,experiments/results/thesis_main_v3_v3/execution/artifacts/0070_long_screwdriver_llm_only_x-0p150_y-0p080_pretrained,experiments/results/thesis_main_v3_v3/execution/artifacts/0070_long_screwdriver_llm_only_x-0p150_y-0p080_pretrained/trace.json,long_screwdriver,0,True,execution/replay/trials/0070_long_screwdriver_llm_only_x-0p150_y-0p080_pretrained.json
0071_long_screwdriver_llm_only_x+0p000_y-0p080_pretrained,0071_long_screwdriver_llm_only_x+0p000_y-0p080,long_screwdriver,spin_vertical,llm_only,pretrained,llm_only + pretrained,0,False,88.0,88,0.004933051444679351,0.0706825242330242,92.98740474397904,0.06270916130168949,78.4584315652739,0.16527119970148466,118.00159209837615,7963,2838.0,7918,2883.0,100,100,100,identity,,execution_failure,experiment_timeout,,experiments/results/thesis_main_v3_v3/execution/artifacts/0071_long_screwdriver_llm_only_x+0p000_y-0p080_pretrained,experiments/results/thesis_main_v3_v3/execution/artifacts/0071_long_screwdriver_llm_only_x+0p000_y-0p080_pretrained/trace.json,long_screwdriver,0,True,execution/replay/trials/0071_long_screwdriver_llm_only_x+0p000_y-0p080_pretrained.json
0072_long_screwdriver_llm_only_x+0p150_y-0p080_pretrained,0072_long_screwdriver_llm_only_x+0p150_y-0p080,long_screwdriver,spin_vertical,llm_only,pretrained,llm_only + pretrained,0,False,44.0,44,0.0036663611365719525,0.06224168386657796,58.0697954926903,0.05534473016958114,39.90165657607026,0.1672855377276292,164.25362577551672,9710,1091.0,9688,1113.0,100,100,100,identity,,execution_failure,experiment_timeout,,experiments/results/thesis_main_v3_v3/execution/artifacts/0072_long_screwdriver_llm_only_x+0p150_y-0p080_pretrained,experiments/results/thesis_main_v3_v3/execution/artifacts/0072_long_screwdriver_llm_only_x+0p150_y-0p080_pretrained/trace.json,long_screwdriver,0,True,execution/replay/trials/0072_long_screwdriver_llm_only_x+0p150_y-0p080_pretrained.json
0073_long_screwdriver_llm_only_x-0p150_y-0p030_pretrained,0073_long_screwdriver_llm_only_x-0p150_y-0p030,long_screwdriver,spin_vertical,llm_only,pretrained,llm_only + pretrained,0,False,34.0,34,0.0,0.06869416081416194,59.625184341557066,0.06182584478437348,43.42728496786242,0.1886021090528996,126.56790781333511,9205,1147.0,9150,1651.0,100,100,100,identity,,execution_failure,experiment_timeout,,experiments/results/thesis_main_v3_v3/execution/artifacts/0073_long_screwdriver_llm_only_x-0p150_y-0p030_pretrained,experiments/results/thesis_main_v3_v3/execution/artifacts/0073_long_screwdriver_llm_only_x-0p150_y-0p030_pretrained/trace.json,long_screwdriver,0,True,execution/replay/trials/0073_long_screwdriver_llm_only_x-0p150_y-0p030_pretrained.json
0074_long_screwdriver_llm_only_x+0p000_y-0p030_pretrained,0074_long_screwdriver_llm_only_x+0p000_y-0p030,long_screwdriver,spin_vertical,llm_only,pretrained,llm_only + pretrained,0,False,34.0,34,0.0,0.057925287861083315,56.08631574326423,0.051544147741024365,38.08255659528756,0.1713262127248271,67.96204507881903,9913,822.0,9653,1148.0,100,100,100,identity,,execution_failure,experiment_timeout,,experiments/results/thesis_main_v3_v3/execution/artifacts/0074_long_screwdriver_llm_only_x+0p000_y-0p030_pretrained,experiments/results/thesis_main_v3_v3/execution/artifacts/0074_long_screwdriver_llm_only_x+0p000_y-0p030_pretrained/trace.json,long_screwdriver,0,True,execution/replay/trials/0074_long_screwdriver_llm_only_x+0p000_y-0p030_pretrained.json
0075_long_screwdriver_llm_only_x+0p150_y-0p030_pretrained,0075_long_screwdriver_llm_only_x+0p150_y-0p030,long_screwdriver,spin_vertical,llm_only,pretrained,llm_only + pretrained,0,False,43.0,43,0.005813953488372093,0.07202451036372796,70.53065976990636,0.0649052034755309,48.72686181095519,0.19158908669135638,146.11160602946293,8548,1032.0,8507,2294.0,100,100,100,identity,,execution_failure,experiment_timeout,,experiments/results/thesis_main_v3_v3/execution/artifacts/0075_long_screwdriver_llm_only_x+0p150_y-0p030_pretrained,experiments/results/thesis_main_v3_v3/execution/artifacts/0075_long_screwdriver_llm_only_x+0p150_y-0p030_pretrained/trace.json,long_screwdriver,0,True,execution/replay/trials/0075_long_screwdriver_llm_only_x+0p150_y-0p030_pretrained.json
0076_short_screwdriver_predefined_pretrained,0076_short_screwdriver_predefined,short_screwdriver,spin_vertical,predefined,pretrained,predefined + pretrained,0,True,100.0,100,0.004626951995373048,0.05394411227610155,58.01201541556507,0.04893071652222891,46.356336882318,0.13030590641810633,104.76916005397077,0,,0,,76,76,76,identity,,,,,experiments/results/thesis_main_v3_v3/execution/artifacts/0076_short_screwdriver_predefined_pretrained,experiments/results/thesis_main_v3_v3/execution/artifacts/0076_short_screwdriver_predefined_pretrained/trace.json,short_screwdriver,0,True,execution/replay/trials/0076_short_screwdriver_predefined_pretrained.json
0077_short_screwdriver_llm_lie_x-0p150_y-0p130_pretrained,0077_short_screwdriver_llm_lie_x-0p150_y-0p130,short_screwdriver,spin_vertical,llm_lie,pretrained,llm_lie + pretrained,0,False,17.105263157894736,17,0.0,0.09133016030325056,94.34076631748309,0.08860191195811523,93.47123449817973,0.08964035201567455,102.33960029547796,0,,0,,9,76,76,cycle_to_predefined_length,forward_repeat,execution_failure,experiment_timeout,,experiments/results/thesis_main_v3_v3/execution/artifacts/0077_short_screwdriver_llm_lie_x-0p150_y-0p130_pretrained,experiments/results/thesis_main_v3_v3/execution/artifacts/0077_short_screwdriver_llm_lie_x-0p150_y-0p130_pretrained/trace.json,short_screwdriver,0,True,execution/replay/trials/0077_short_screwdriver_llm_lie_x-0p150_y-0p130_pretrained.json
0078_short_screwdriver_llm_lie_x+0p000_y-0p130_pretrained,0078_short_screwdriver_llm_lie_x+0p000_y-0p130,short_screwdriver,spin_vertical,llm_lie,pretrained,llm_lie + pretrained,0,False,17.105263157894736,17,0.0,0.0864002533366682,97.63536694606789,0.08330035232029978,96.17628169586216,0.08383620416841503,94.79477336567744,0,,0,,9,76,76,cycle_to_predefined_length,forward_repeat,execution_failure,experiment_timeout,,experiments/results/thesis_main_v3_v3/execution/artifacts/0078_short_screwdriver_llm_lie_x+0p000_y-0p130_pretrained,experiments/results/thesis_main_v3_v3/execution/artifacts/0078_short_screwdriver_llm_lie_x+0p000_y-0p130_pretrained/trace.json,short_screwdriver,0,True,execution/replay/trials/0078_short_screwdriver_llm_lie_x+0p000_y-0p130_pretrained.json
0079_short_screwdriver_llm_lie_x+0p150_y-0p130_pretrained,0079_short_screwdriver_llm_lie_x+0p150_y-0p130,short_screwdriver,spin_vertical,llm_lie,pretrained,llm_lie + pretrained,0,True,100.0,100,0.0,0.08078879852727655,54.80683593704099,0.06556859887306986,50.34743895464562,0.03738527728613386,106.67961285703025,0,,0,,9,76,76,cycle_to_predefined_length,forward_repeat,,,,experiments/results/thesis_main_v3_v3/execution/artifacts/0079_short_screwdriver_llm_lie_x+0p150_y-0p130_pretrained,experiments/results/thesis_main_v3_v3/execution/artifacts/0079_short_screwdriver_llm_lie_x+0p150_y-0p130_pretrained/trace.json,short_screwdriver,0,True,execution/replay/trials/0079_short_screwdriver_llm_lie_x+0p150_y-0p130_pretrained.json
0080_short_screwdriver_llm_lie_x-0p150_y-0p080_pretrained,0080_short_screwdriver_llm_lie_x-0p150_y-0p080,short_screwdriver,spin_vertical,llm_lie,pretrained,llm_lie + pretrained,0,False,17.105263157894736,17,0.0,0.08781114111487748,81.2664678875223,0.08585266715124504,80.638431779331,0.08723095601102024,92.00442270993493,0,,0,,9,76,76,cycle_to_predefined_length,forward_repeat,execution_failure,experiment_timeout,,experiments/results/thesis_main_v3_v3/execution/artifacts/0080_short_screwdriver_llm_lie_x-0p150_y-0p080_pretrained,experiments/results/thesis_main_v3_v3/execution/artifacts/0080_short_screwdriver_llm_lie_x-0p150_y-0p080_pretrained/trace.json,short_screwdriver,0,True,execution/replay/trials/0080_short_screwdriver_llm_lie_x-0p150_y-0p080_pretrained.json
0081_short_screwdriver_llm_lie_x+0p000_y-0p080_pretrained,0081_short_screwdriver_llm_lie_x+0p000_y-0p080,short_screwdriver,spin_vertical,llm_lie,pretrained,llm_lie + pretrained,0,False,17.105263157894736,17,9.258401999814833e-05,0.08434970784825807,82.55568557244187,0.08164300738214436,81.41472566767082,0.07868454307642406,86.31506562372523,0,,0,,9,76,76,cycle_to_predefined_length,forward_repeat,execution_failure,experiment_timeout,,experiments/results/thesis_main_v3_v3/execution/artifacts/0081_short_screwdriver_llm_lie_x+0p000_y-0p080_pretrained,experiments/results/thesis_main_v3_v3/execution/artifacts/0081_short_screwdriver_llm_lie_x+0p000_y-0p080_pretrained/trace.json,short_screwdriver,0,True,execution/replay/trials/0081_short_screwdriver_llm_lie_x+0p000_y-0p080_pretrained.json
0082_short_screwdriver_llm_lie_x+0p150_y-0p080_pretrained,0082_short_screwdriver_llm_lie_x+0p150_y-0p080,short_screwdriver,spin_vertical,llm_lie,pretrained,llm_lie + pretrained,0,False,17.105263157894736,17,0.0,0.0839130006632369,94.94563974559213,0.0794216630488479,92.96339678211993,0.07572211269816768,96.63450160985654,0,,0,,9,76,76,cycle_to_predefined_length,forward_repeat,execution_failure,experiment_timeout,,experiments/results/thesis_main_v3_v3/execution/artifacts/0082_short_screwdriver_llm_lie_x+0p150_y-0p080_pretrained,experiments/results/thesis_main_v3_v3/execution/artifacts/0082_short_screwdriver_llm_lie_x+0p150_y-0p080_pretrained/trace.json,short_screwdriver,0,True,execution/replay/trials/0082_short_screwdriver_llm_lie_x+0p150_y-0p080_pretrained.json
0083_short_screwdriver_llm_lie_x-0p150_y-0p030_pretrained,0083_short_screwdriver_llm_lie_x-0p150_y-0p030,short_screwdriver,spin_vertical,llm_lie,pretrained,llm_lie + pretrained,0,True,100.0,100,0.0,0.0664097764205859,50.641344109155696,0.05536622101663498,43.06533767139808,0.028996709337016188,77.61789780401868,0,,0,,9,76,76,cycle_to_predefined_length,forward_repeat,,,,experiments/results/thesis_main_v3_v3/execution/artifacts/0083_short_screwdriver_llm_lie_x-0p150_y-0p030_pretrained,experiments/results/thesis_main_v3_v3/execution/artifacts/0083_short_screwdriver_llm_lie_x-0p150_y-0p030_pretrained/trace.json,short_screwdriver,0,True,execution/replay/trials/0083_short_screwdriver_llm_lie_x-0p150_y-0p030_pretrained.json
0084_short_screwdriver_llm_lie_x+0p000_y-0p030_pretrained,0084_short_screwdriver_llm_lie_x+0p000_y-0p030,short_screwdriver,spin_vertical,llm_lie,pretrained,llm_lie + pretrained,0,True,100.0,100,0.0,0.1901297946963307,89.5162568954636,0.17805911360295523,89.33601296641162,0.18952329554013217,101.59390766776995,100,131.0,0,,9,76,76,cycle_to_predefined_length,forward_repeat,,,,experiments/results/thesis_main_v3_v3/execution/artifacts/0084_short_screwdriver_llm_lie_x+0p000_y-0p030_pretrained,experiments/results/thesis_main_v3_v3/execution/artifacts/0084_short_screwdriver_llm_lie_x+0p000_y-0p030_pretrained/trace.json,short_screwdriver,0,True,execution/replay/trials/0084_short_screwdriver_llm_lie_x+0p000_y-0p030_pretrained.json
0085_short_screwdriver_llm_lie_x+0p150_y-0p030_pretrained,0085_short_screwdriver_llm_lie_x+0p150_y-0p030,short_screwdriver,spin_vertical,llm_lie,pretrained,llm_lie + pretrained,0,False,17.105263157894736,17,0.0,0.08056621786476399,87.79098156589302,0.07724530523600762,86.30725969082087,0.07398138760724525,86.94494336278109,0,,0,,9,76,76,cycle_to_predefined_length,forward_repeat,execution_failure,experiment_timeout,,experiments/results/thesis_main_v3_v3/execution/artifacts/0085_short_screwdriver_llm_lie_x+0p150_y-0p030_pretrained,experiments/results/thesis_main_v3_v3/execution/artifacts/0085_short_screwdriver_llm_lie_x+0p150_y-0p030_pretrained/trace.json,short_screwdriver,0,True,execution/replay/trials/0085_short_screwdriver_llm_lie_x+0p150_y-0p030_pretrained.json
0086_short_screwdriver_llm_only_x-0p150_y-0p130_pretrained,0086_short_screwdriver_llm_only_x-0p150_y-0p130,short_screwdriver,spin_vertical,llm_only,pretrained,llm_only + pretrained,0,True,100.0,100,0.008589835361488905,0.0468536423802733,46.59865963798206,0.0433626414220164,39.31934479467707,0.21130655310155674,99.88832804013816,0,,0,,76,76,76,identity,,,,,experiments/results/thesis_main_v3_v3/execution/artifacts/0086_short_screwdriver_llm_only_x-0p150_y-0p130_pretrained,experiments/results/thesis_main_v3_v3/execution/artifacts/0086_short_screwdriver_llm_only_x-0p150_y-0p130_pretrained/trace.json,short_screwdriver,0,True,execution/replay/trials/0086_short_screwdriver_llm_only_x-0p150_y-0p130_pretrained.json
0087_short_screwdriver_llm_only_x+0p000_y-0p130_pretrained,0087_short_screwdriver_llm_only_x+0p000_y-0p130,short_screwdriver,spin_vertical,llm_only,pretrained,llm_only + pretrained,0,True,100.0,100,0.005979073243647235,0.05159422109957828,43.897622801796274,0.046734397181255376,35.238188703348754,0.21644145415605948,122.74613168868314,0,,0,,76,76,76,identity,,,,,experiments/results/thesis_main_v3_v3/execution/artifacts/0087_short_screwdriver_llm_only_x+0p000_y-0p130_pretrained,experiments/results/thesis_main_v3_v3/execution/artifacts/0087_short_screwdriver_llm_only_x+0p000_y-0p130_pretrained/trace.json,short_screwdriver,0,True,execution/replay/trials/0087_short_screwdriver_llm_only_x+0p000_y-0p130_pretrained.json
0088_short_screwdriver_llm_only_x+0p150_y-0p130_pretrained,0088_short_screwdriver_llm_only_x+0p150_y-0p130,short_screwdriver,spin_vertical,llm_only,pretrained,llm_only + pretrained,0,True,100.0,100,0.005494505494505495,0.04930323262332158,43.7217388996841,0.04518378543501713,36.65869985292584,0.27936921371198725,108.6095930535375,0,,0,,76,76,76,identity,,,,,experiments/results/thesis_main_v3_v3/execution/artifacts/0088_short_screwdriver_llm_only_x+0p150_y-0p130_pretrained,experiments/results/thesis_main_v3_v3/execution/artifacts/0088_short_screwdriver_llm_only_x+0p150_y-0p130_pretrained/trace.json,short_screwdriver,0,True,execution/replay/trials/0088_short_screwdriver_llm_only_x+0p150_y-0p130_pretrained.json
0089_short_screwdriver_llm_only_x-0p150_y-0p080_pretrained,0089_short_screwdriver_llm_only_x-0p150_y-0p080,short_screwdriver,spin_vertical,llm_only,pretrained,llm_only + pretrained,0,True,100.0,100,0.009416195856873822,0.04783429601455938,35.69409027070299,0.04407796237997567,27.6534745948063,0.1627903686743571,123.16217651265993,0,,0,,76,76,76,identity,,,,,experiments/results/thesis_main_v3_v3/execution/artifacts/0089_short_screwdriver_llm_only_x-0p150_y-0p080_pretrained,experiments/results/thesis_main_v3_v3/execution/artifacts/0089_short_screwdriver_llm_only_x-0p150_y-0p080_pretrained/trace.json,short_screwdriver,0,True,execution/replay/trials/0089_short_screwdriver_llm_only_x-0p150_y-0p080_pretrained.json
0090_short_screwdriver_llm_only_x+0p000_y-0p080_pretrained,0090_short_screwdriver_llm_only_x+0p000_y-0p080,short_screwdriver,spin_vertical,llm_only,pretrained,llm_only + pretrained,0,True,100.0,100,0.004626951995373048,0.049492095405290926,48.48346010480834,0.04487352582117848,42.12615983464727,0.13059350699436365,110.66395755181557,0,,0,,76,76,76,identity,,,,,experiments/results/thesis_main_v3_v3/execution/artifacts/0090_short_screwdriver_llm_only_x+0p000_y-0p080_pretrained,experiments/results/thesis_main_v3_v3/execution/artifacts/0090_short_screwdriver_llm_only_x+0p000_y-0p080_pretrained/trace.json,short_screwdriver,0,True,execution/replay/trials/0090_short_screwdriver_llm_only_x+0p000_y-0p080_pretrained.json
0091_short_screwdriver_llm_only_x+0p150_y-0p080_pretrained,0091_short_screwdriver_llm_only_x+0p150_y-0p080,short_screwdriver,spin_vertical,llm_only,pretrained,llm_only + pretrained,0,False,96.05263157894737,96,0.0017064846416382253,0.05715447049277844,45.988395920397004,0.05337882347846403,37.67910413442264,0.1607399411328047,167.36963087074565,8642,1758.0,8559,2242.0,76,76,76,identity,,execution_failure,experiment_timeout,,experiments/results/thesis_main_v3_v3/execution/artifacts/0091_short_screwdriver_llm_only_x+0p150_y-0p080_pretrained,experiments/results/thesis_main_v3_v3/execution/artifacts/0091_short_screwdriver_llm_only_x+0p150_y-0p080_pretrained/trace.json,short_screwdriver,0,True,execution/replay/trials/0091_short_screwdriver_llm_only_x+0p150_y-0p080_pretrained.json
0092_short_screwdriver_llm_only_x-0p150_y-0p030_pretrained,0092_short_screwdriver_llm_only_x-0p150_y-0p030,short_screwdriver,spin_vertical,llm_only,pretrained,llm_only + pretrained,0,True,100.0,100,0.0020491803278688526,0.046238738255459454,39.41414153633801,0.0420594390345991,31.912621134299958,0.11745285357420526,102.30296559092292,0,,0,,76,76,76,identity,,,,,experiments/results/thesis_main_v3_v3/execution/artifacts/0092_short_screwdriver_llm_only_x-0p150_y-0p030_pretrained,experiments/results/thesis_main_v3_v3/execution/artifacts/0092_short_screwdriver_llm_only_x-0p150_y-0p030_pretrained/trace.json,short_screwdriver,0,True,execution/replay/trials/0092_short_screwdriver_llm_only_x-0p150_y-0p030_pretrained.json
0093_short_screwdriver_llm_only_x+0p000_y-0p030_pretrained,0093_short_screwdriver_llm_only_x+0p000_y-0p030,short_screwdriver,spin_vertical,llm_only,pretrained,llm_only + pretrained,0,True,100.0,100,0.0011677127426653043,0.06528220215554659,110.59270528424418,0.06400192050288339,103.62123268336025,0.1401248956439169,109.45202379322872,0,,0,,76,76,76,identity,,,,,experiments/results/thesis_main_v3_v3/execution/artifacts/0093_short_screwdriver_llm_only_x+0p000_y-0p030_pretrained,experiments/results/thesis_main_v3_v3/execution/artifacts/0093_short_screwdriver_llm_only_x+0p000_y-0p030_pretrained/trace.json,short_screwdriver,0,True,execution/replay/trials/0093_short_screwdriver_llm_only_x+0p000_y-0p030_pretrained.json
0094_short_screwdriver_llm_only_x+0p150_y-0p030_pretrained,0094_short_screwdriver_llm_only_x+0p150_y-0p030,short_screwdriver,spin_vertical,llm_only,pretrained,llm_only + pretrained,0,False,60.526315789473685,61,0.0004629200999907416,0.07393848667959967,75.12581426584188,0.07312147798957132,72.47759604618918,0.06640671668600259,73.78662342376111,0,,0,,76,76,76,identity,,execution_failure,experiment_timeout,,experiments/results/thesis_main_v3_v3/execution/artifacts/0094_short_screwdriver_llm_only_x+0p150_y-0p030_pretrained,experiments/results/thesis_main_v3_v3/execution/artifacts/0094_short_screwdriver_llm_only_x+0p150_y-0p030_pretrained/trace.json,short_screwdriver,0,True,execution/replay/trials/0094_short_screwdriver_llm_only_x+0p150_y-0p030_pretrained.json
0095_cylinder_screwdriver_v3009_predefined_pretrained,0095_cylinder_screwdriver_v3009_predefined,cylinder_screwdriver_v3009,spin_vertical,predefined,pretrained,predefined + pretrained,0,False,23.0,23,0.008645533141210375,0.06573039314103167,16.44672793307168,0.05819499889269355,14.371363294857746,0.2139076169650659,70.24453156176745,10367,347.0,9802,999.0,100,100,100,identity,,execution_failure,experiment_timeout,,experiments/results/thesis_main_v3_v3/execution/artifacts/0095_cylinder_screwdriver_v3009_predefined_pretrained,experiments/results/thesis_main_v3_v3/execution/artifacts/0095_cylinder_screwdriver_v3009_predefined_pretrained/trace.json,long_screwdriver,0,True,execution/replay/trials/0095_cylinder_screwdriver_v3009_predefined_pretrained.json
0096_cylinder_screwdriver_v3009_llm_lie_x-0p150_y-0p130_pretrained,0096_cylinder_screwdriver_v3009_llm_lie_x-0p150_y-0p130,cylinder_screwdriver_v3009,spin_vertical,llm_lie,pretrained,llm_lie + pretrained,0,False,4.0,4,0.0,0.1441052269853247,96.06793241649949,0.11788841027435554,72.28090616991966,0.14744345827665417,80.1054423904199,10360,441.0,10263,538.0,9,100,100,cycle_to_predefined_length,forward_repeat,execution_failure,experiment_timeout,,experiments/results/thesis_main_v3_v3/execution/artifacts/0096_cylinder_screwdriver_v3009_llm_lie_x-0p150_y-0p130_pretrained,experiments/results/thesis_main_v3_v3/execution/artifacts/0096_cylinder_screwdriver_v3009_llm_lie_x-0p150_y-0p130_pretrained/trace.json,long_screwdriver,0,True,execution/replay/trials/0096_cylinder_screwdriver_v3009_llm_lie_x-0p150_y-0p130_pretrained.json
0097_cylinder_screwdriver_v3009_llm_lie_x+0p000_y-0p130_pretrained,0097_cylinder_screwdriver_v3009_llm_lie_x+0p000_y-0p130,cylinder_screwdriver_v3009,spin_vertical,llm_lie,pretrained,llm_lie + pretrained,0,False,4.0,4,0.0,0.15538541304799036,112.44693528990018,0.1311685729821751,94.38111328222526,0.14260792801563277,78.37714662861616,10359,442.0,10213,588.0,9,100,100,cycle_to_predefined_length,forward_repeat,execution_failure,experiment_timeout,,experiments/results/thesis_main_v3_v3/execution/artifacts/0097_cylinder_screwdriver_v3009_llm_lie_x+0p000_y-0p130_pretrained,experiments/results/thesis_main_v3_v3/execution/artifacts/0097_cylinder_screwdriver_v3009_llm_lie_x+0p000_y-0p130_pretrained/trace.json,long_screwdriver,0,True,execution/replay/trials/0097_cylinder_screwdriver_v3009_llm_lie_x+0p000_y-0p130_pretrained.json
0098_cylinder_screwdriver_v3009_llm_lie_x+0p150_y-0p130_pretrained,0098_cylinder_screwdriver_v3009_llm_lie_x+0p150_y-0p130,cylinder_screwdriver_v3009,spin_vertical,llm_lie,pretrained,llm_lie + pretrained,0,False,0.0,0,0.0,0.27127926166534744,146.07653803941497,0.25676583705089506,142.84927008394004,0.6687161747932413,168.62581968037193,0,,10574,227.0,9,100,100,cycle_to_predefined_length,forward_repeat,execution_failure,experiment_timeout,,experiments/results/thesis_main_v3_v3/execution/artifacts/0098_cylinder_screwdriver_v3009_llm_lie_x+0p150_y-0p130_pretrained,experiments/results/thesis_main_v3_v3/execution/artifacts/0098_cylinder_screwdriver_v3009_llm_lie_x+0p150_y-0p130_pretrained/trace.json,long_screwdriver,0,True,execution/replay/trials/0098_cylinder_screwdriver_v3009_llm_lie_x+0p150_y-0p130_pretrained.json
0099_cylinder_screwdriver_v3009_llm_lie_x-0p150_y-0p080_pretrained,0099_cylinder_screwdriver_v3009_llm_lie_x-0p150_y-0p080,cylinder_screwdriver_v3009,spin_vertical,llm_lie,pretrained,llm_lie + pretrained,0,False,3.0,3,0.0,0.09228574097095028,67.44899539898975,0.07479503414922749,42.19088502034788,0.14390614713339223,89.96705730475837,9881,920.0,9705,1096.0,9,100,100,cycle_to_predefined_length,forward_repeat,execution_failure,experiment_timeout,,experiments/results/thesis_main_v3_v3/execution/artifacts/0099_cylinder_screwdriver_v3009_llm_lie_x-0p150_y-0p080_pretrained,experiments/results/thesis_main_v3_v3/execution/artifacts/0099_cylinder_screwdriver_v3009_llm_lie_x-0p150_y-0p080_pretrained/trace.json,long_screwdriver,0,True,execution/replay/trials/0099_cylinder_screwdriver_v3009_llm_lie_x-0p150_y-0p080_pretrained.json
0100_cylinder_screwdriver_v3009_llm_lie_x+0p000_y-0p080_pretrained,0100_cylinder_screwdriver_v3009_llm_lie_x+0p000_y-0p080,cylinder_screwdriver_v3009,spin_vertical,llm_lie,pretrained,llm_lie + pretrained,0,False,4.0,4,0.0,0.09166062010291222,67.24900389216498,0.07699219130904907,46.52715772654951,0.13679168693573054,78.59501249598956,9880,921.0,9721,1080.0,9,100,100,cycle_to_predefined_length,forward_repeat,execution_failure,experiment_timeout,,experiments/results/thesis_main_v3_v3/execution/artifacts/0100_cylinder_screwdriver_v3009_llm_lie_x+0p000_y-0p080_pretrained,experiments/results/thesis_main_v3_v3/execution/artifacts/0100_cylinder_screwdriver_v3009_llm_lie_x+0p000_y-0p080_pretrained/trace.json,long_screwdriver,0,True,execution/replay/trials/0100_cylinder_screwdriver_v3009_llm_lie_x+0p000_y-0p080_pretrained.json
0101_cylinder_screwdriver_v3009_llm_lie_x+0p150_y-0p080_pretrained,0101_cylinder_screwdriver_v3009_llm_lie_x+0p150_y-0p080,cylinder_screwdriver_v3009,spin_vertical,llm_lie,pretrained,llm_lie + pretrained,0,False,0.0,0,0.0,0.2825199096081608,125.05300425997942,0.26763690951284197,120.35776384725817,0.7931248263285384,119.25721135845419,0,,10370,431.0,9,100,100,cycle_to_predefined_length,forward_repeat,execution_failure,experiment_timeout,,experiments/results/thesis_main_v3_v3/execution/artifacts/0101_cylinder_screwdriver_v3009_llm_lie_x+0p150_y-0p080_pretrained,experiments/results/thesis_main_v3_v3/execution/artifacts/0101_cylinder_screwdriver_v3009_llm_lie_x+0p150_y-0p080_pretrained/trace.json,long_screwdriver,0,True,execution/replay/trials/0101_cylinder_screwdriver_v3009_llm_lie_x+0p150_y-0p080_pretrained.json
0102_cylinder_screwdriver_v3009_llm_lie_x-0p150_y-0p030_pretrained,0102_cylinder_screwdriver_v3009_llm_lie_x-0p150_y-0p030,cylinder_screwdriver_v3009,spin_vertical,llm_lie,pretrained,llm_lie + pretrained,0,False,0.0,0,0.0,0.25341280347534917,128.55405704299946,0.23339529440974127,121.24540150138348,0.6668129299589938,97.4126072262,0,,10051,750.0,9,100,100,cycle_to_predefined_length,forward_repeat,execution_failure,experiment_timeout,,experiments/results/thesis_main_v3_v3/execution/artifacts/0102_cylinder_screwdriver_v3009_llm_lie_x-0p150_y-0p030_pretrained,experiments/results/thesis_main_v3_v3/execution/artifacts/0102_cylinder_screwdriver_v3009_llm_lie_x-0p150_y-0p030_pretrained/trace.json,long_screwdriver,0,True,execution/replay/trials/0102_cylinder_screwdriver_v3009_llm_lie_x-0p150_y-0p030_pretrained.json
0103_cylinder_screwdriver_v3009_llm_lie_x+0p000_y-0p030_pretrained,0103_cylinder_screwdriver_v3009_llm_lie_x+0p000_y-0p030,cylinder_screwdriver_v3009,spin_vertical,llm_lie,pretrained,llm_lie + pretrained,0,False,11.0,11,0.0,0.12234166772848933,114.13236597912412,0.10401844929157326,94.4796291787838,0.13714669576902572,114.46592321828271,10110,278.0,9719,1082.0,9,100,100,cycle_to_predefined_length,forward_repeat,execution_failure,experiment_timeout,,experiments/results/thesis_main_v3_v3/execution/artifacts/0103_cylinder_screwdriver_v3009_llm_lie_x+0p000_y-0p030_pretrained,experiments/results/thesis_main_v3_v3/execution/artifacts/0103_cylinder_screwdriver_v3009_llm_lie_x+0p000_y-0p030_pretrained/trace.json,long_screwdriver,0,True,execution/replay/trials/0103_cylinder_screwdriver_v3009_llm_lie_x+0p000_y-0p030_pretrained.json
0104_cylinder_screwdriver_v3009_llm_lie_x+0p150_y-0p030_pretrained,0104_cylinder_screwdriver_v3009_llm_lie_x+0p150_y-0p030,cylinder_screwdriver_v3009,spin_vertical,llm_lie,pretrained,llm_lie + pretrained,0,False,5.0,5,0.0,0.14906938961868887,104.9810124303542,0.11379742398184409,84.19822718245344,0.16412250794583305,104.02039541691525,10428,343.0,10280,521.0,9,100,100,cycle_to_predefined_length,forward_repeat,execution_failure,experiment_timeout,,experiments/results/thesis_main_v3_v3/execution/artifacts/0104_cylinder_screwdriver_v3009_llm_lie_x+0p150_y-0p030_pretrained,experiments/results/thesis_main_v3_v3/execution/artifacts/0104_cylinder_screwdriver_v3009_llm_lie_x+0p150_y-0p030_pretrained/trace.json,long_screwdriver,0,True,execution/replay/trials/0104_cylinder_screwdriver_v3009_llm_lie_x+0p150_y-0p030_pretrained.json
0105_cylinder_screwdriver_v3009_llm_only_x-0p150_y-0p130_pretrained,0105_cylinder_screwdriver_v3009_llm_only_x-0p150_y-0p130,cylinder_screwdriver_v3009,spin_vertical,llm_only,pretrained,llm_only + pretrained,0,False,10.0,10,0.0,0.06936599090138451,17.171219846089926,0.06320804102950323,14.309799729381144,0.19409818566141385,64.75421228938036,10546,255.0,10476,325.0,100,100,100,identity,,execution_failure,experiment_timeout,,experiments/results/thesis_main_v3_v3/execution/artifacts/0105_cylinder_screwdriver_v3009_llm_only_x-0p150_y-0p130_pretrained,experiments/results/thesis_main_v3_v3/execution/artifacts/0105_cylinder_screwdriver_v3009_llm_only_x-0p150_y-0p130_pretrained/trace.json,long_screwdriver,0,True,execution/replay/trials/0105_cylinder_screwdriver_v3009_llm_only_x-0p150_y-0p130_pretrained.json
0106_cylinder_screwdriver_v3009_llm_only_x+0p000_y-0p130_pretrained,0106_cylinder_screwdriver_v3009_llm_only_x+0p000_y-0p130,cylinder_screwdriver_v3009,spin_vertical,llm_only,pretrained,llm_only + pretrained,0,False,26.0,26,0.005154639175257732,0.06665580308519442,42.845854608694964,0.05782110468459377,23.687083267595767,0.2277538259594795,164.45891027408746,10413,388.0,10257,544.0,100,100,100,identity,,execution_failure,experiment_timeout,,experiments/results/thesis_main_v3_v3/execution/artifacts/0106_cylinder_screwdriver_v3009_llm_only_x+0p000_y-0p130_pretrained,experiments/results/thesis_main_v3_v3/execution/artifacts/0106_cylinder_screwdriver_v3009_llm_only_x+0p000_y-0p130_pretrained/trace.json,long_screwdriver,0,True,execution/replay/trials/0106_cylinder_screwdriver_v3009_llm_only_x+0p000_y-0p130_pretrained.json
0107_cylinder_screwdriver_v3009_llm_only_x+0p150_y-0p130_pretrained,0107_cylinder_screwdriver_v3009_llm_only_x+0p150_y-0p130,cylinder_screwdriver_v3009,spin_vertical,llm_only,pretrained,llm_only + pretrained,0,False,15.0,15,0.011406844106463879,0.07022441213716867,17.585941997294146,0.061564474261438025,14.934426444251303,0.2099134409312693,70.80056927620595,10538,263.0,10453,348.0,100,100,100,identity,,execution_failure,experiment_timeout,,experiments/results/thesis_main_v3_v3/execution/artifacts/0107_cylinder_screwdriver_v3009_llm_only_x+0p150_y-0p130_pretrained,experiments/results/thesis_main_v3_v3/execution/artifacts/0107_cylinder_screwdriver_v3009_llm_only_x+0p150_y-0p130_pretrained/trace.json,long_screwdriver,0,True,execution/replay/trials/0107_cylinder_screwdriver_v3009_llm_only_x+0p150_y-0p130_pretrained.json
0108_cylinder_screwdriver_v3009_llm_only_x-0p150_y-0p080_pretrained,0108_cylinder_screwdriver_v3009_llm_only_x-0p150_y-0p080,cylinder_screwdriver_v3009,spin_vertical,llm_only,pretrained,llm_only + pretrained,0,False,26.0,26,0.010638297872340425,0.07026894003651979,48.1123406484415,0.05992972147385361,26.406925997875476,0.2217273994974701,167.47765191705872,10341,376.0,10056,745.0,100,100,100,identity,,execution_failure,experiment_timeout,,experiments/results/thesis_main_v3_v3/execution/artifacts/0108_cylinder_screwdriver_v3009_llm_only_x-0p150_y-0p080_pretrained,experiments/results/thesis_main_v3_v3/execution/artifacts/0108_cylinder_screwdriver_v3009_llm_only_x-0p150_y-0p080_pretrained/trace.json,long_screwdriver,0,True,execution/replay/trials/0108_cylinder_screwdriver_v3009_llm_only_x-0p150_y-0p080_pretrained.json
0109_cylinder_screwdriver_v3009_llm_only_x+0p000_y-0p080_pretrained,0109_cylinder_screwdriver_v3009_llm_only_x+0p000_y-0p080,cylinder_screwdriver_v3009,spin_vertical,llm_only,pretrained,llm_only + pretrained,0,False,22.0,22,0.015772870662460567,0.06789470131048815,18.5980934284543,0.060064354371196685,15.112931422672334,0.22047248555940502,91.19080574901983,10484,317.0,10384,417.0,100,100,100,identity,,execution_failure,experiment_timeout,,experiments/results/thesis_main_v3_v3/execution/artifacts/0109_cylinder_screwdriver_v3009_llm_only_x+0p000_y-0p080_pretrained,experiments/results/thesis_main_v3_v3/execution/artifacts/0109_cylinder_screwdriver_v3009_llm_only_x+0p000_y-0p080_pretrained/trace.json,long_screwdriver,0,True,execution/replay/trials/0109_cylinder_screwdriver_v3009_llm_only_x+0p000_y-0p080_pretrained.json
0110_cylinder_screwdriver_v3009_llm_only_x+0p150_y-0p080_pretrained,0110_cylinder_screwdriver_v3009_llm_only_x+0p150_y-0p080,cylinder_screwdriver_v3009,spin_vertical,llm_only,pretrained,llm_only + pretrained,0,False,23.0,23,0.018575851393188854,0.06748433992200882,14.59521197108924,0.05914736773654686,13.038085024262685,0.22979532957564974,51.03715262914721,10478,323.0,10378,423.0,100,100,100,identity,,execution_failure,experiment_timeout,,experiments/results/thesis_main_v3_v3/execution/artifacts/0110_cylinder_screwdriver_v3009_llm_only_x+0p150_y-0p080_pretrained,experiments/results/thesis_main_v3_v3/execution/artifacts/0110_cylinder_screwdriver_v3009_llm_only_x+0p150_y-0p080_pretrained/trace.json,long_screwdriver,0,True,execution/replay/trials/0110_cylinder_screwdriver_v3009_llm_only_x+0p150_y-0p080_pretrained.json
0111_cylinder_screwdriver_v3009_llm_only_x-0p150_y-0p030_pretrained,0111_cylinder_screwdriver_v3009_llm_only_x-0p150_y-0p030,cylinder_screwdriver_v3009,spin_vertical,llm_only,pretrained,llm_only + pretrained,0,False,25.0,25,0.010666666666666666,0.0700512433407952,29.097778560968404,0.060650732619383016,20.900278276760712,0.23302658024297424,98.36319404736435,10426,375.0,10283,518.0,100,100,100,identity,,execution_failure,experiment_timeout,,experiments/results/thesis_main_v3_v3/execution/artifacts/0111_cylinder_screwdriver_v3009_llm_only_x-0p150_y-0p030_pretrained,experiments/results/thesis_main_v3_v3/execution/artifacts/0111_cylinder_screwdriver_v3009_llm_only_x-0p150_y-0p030_pretrained/trace.json,long_screwdriver,0,True,execution/replay/trials/0111_cylinder_screwdriver_v3009_llm_only_x-0p150_y-0p030_pretrained.json
0112_cylinder_screwdriver_v3009_llm_only_x+0p000_y-0p030_pretrained,0112_cylinder_screwdriver_v3009_llm_only_x+0p000_y-0p030,cylinder_screwdriver_v3009,spin_vertical,llm_only,pretrained,llm_only + pretrained,0,False,25.0,25,0.012195121951219513,0.07196809897919627,29.111883006101856,0.06180676187410516,19.784490183715892,0.23479911576433743,116.64111726005459,10473,328.0,10349,452.0,100,100,100,identity,,execution_failure,experiment_timeout,,experiments/results/thesis_main_v3_v3/execution/artifacts/0112_cylinder_screwdriver_v3009_llm_only_x+0p000_y-0p030_pretrained,experiments/results/thesis_main_v3_v3/execution/artifacts/0112_cylinder_screwdriver_v3009_llm_only_x+0p000_y-0p030_pretrained/trace.json,long_screwdriver,0,True,execution/replay/trials/0112_cylinder_screwdriver_v3009_llm_only_x+0p000_y-0p030_pretrained.json
0113_cylinder_screwdriver_v3009_llm_only_x+0p150_y-0p030_pretrained,0113_cylinder_screwdriver_v3009_llm_only_x+0p150_y-0p030,cylinder_screwdriver_v3009,spin_vertical,llm_only,pretrained,llm_only + pretrained,0,False,15.0,15,0.0,0.06948782188910518,16.617738964227442,0.062490601055372026,14.739112146809054,0.20340043059731738,42.10370917171007,10506,295.0,10327,474.0,100,100,100,identity,,execution_failure,experiment_timeout,,experiments/results/thesis_main_v3_v3/execution/artifacts/0113_cylinder_screwdriver_v3009_llm_only_x+0p150_y-0p030_pretrained,experiments/results/thesis_main_v3_v3/execution/artifacts/0113_cylinder_screwdriver_v3009_llm_only_x+0p150_y-0p030_pretrained/trace.json,long_screwdriver,0,True,execution/replay/trials/0113_cylinder_screwdriver_v3009_llm_only_x+0p150_y-0p030_pretrained.json
