trial_id,geometry_trial_id,object_name,task_name,mode,policy_variant,benchmark_cell,seed,execution_success,goal_completion_pct,peak_success_count,tracking_success_rate,translation_rmse_m,rotation_rmse_deg,mean_translation_error_m,mean_rotation_error_deg,final_translation_error_m,final_rotation_error_deg,geometry_goal_count,execution_goal_count,reference_goal_count,execution_goal_transform,execution_goal_cycle_style,failure_stage,failure_category,error,artifact_dir,trace_path,resolved_baseline_object,eval_returncode,produced_eval_json,replay_artifact_path
0000_claw_hammer_predefined_pretrained,0000_claw_hammer_predefined,claw_hammer,swing_down,predefined,pretrained,predefined + pretrained,0,True,100.0,100,0.0066090493136756485,0.11870137423049927,120.90788998831997,0.09887557160157386,96.2846348201787,0.14516611946605032,98.77870189511388,37,37,37,identity,,,,,experiments/results/thesis_main_v3_v2/execution/artifacts/0000_claw_hammer_predefined_pretrained,experiments/results/thesis_main_v3_v2/execution/artifacts/0000_claw_hammer_predefined_pretrained/trace.json,claw_hammer,0,True,execution/replay/trials/0000_claw_hammer_predefined_pretrained.json
0001_claw_hammer_llm_lie_x-0p150_y-0p130_pretrained,0001_claw_hammer_llm_lie_x-0p150_y-0p130,claw_hammer,swing_down,llm_lie,pretrained,llm_lie + pretrained,0,True,100.0,100,0.005880047040376323,0.1427139460236811,71.32996517927103,0.11334809723993512,54.07268518094348,0.03258033340225576,9.288168170916975,10,37,37,cycle_to_predefined_length,mirrored,,,,experiments/results/thesis_main_v3_v2/execution/artifacts/0001_claw_hammer_llm_lie_x-0p150_y-0p130_pretrained,experiments/results/thesis_main_v3_v2/execution/artifacts/0001_claw_hammer_llm_lie_x-0p150_y-0p130_pretrained/trace.json,claw_hammer,0,True,execution/replay/trials/0001_claw_hammer_llm_lie_x-0p150_y-0p130_pretrained.json
0002_claw_hammer_llm_lie_x+0p000_y-0p130_pretrained,0002_claw_hammer_llm_lie_x+0p000_y-0p130,claw_hammer,swing_down,llm_lie,pretrained,llm_lie + pretrained,0,False,2.7027027027027026,3,0.0,0.22003565354599208,95.4110787375266,0.21522920424472994,94.88069749977842,0.7767105131053058,136.22451854724648,10,37,37,cycle_to_predefined_length,mirrored,execution_failure,object_z_low,,experiments/results/thesis_main_v3_v2/execution/artifacts/0002_claw_hammer_llm_lie_x+0p000_y-0p130_pretrained,experiments/results/thesis_main_v3_v2/execution/artifacts/0002_claw_hammer_llm_lie_x+0p000_y-0p130_pretrained/trace.json,claw_hammer,0,True,execution/replay/trials/0002_claw_hammer_llm_lie_x+0p000_y-0p130_pretrained.json
0003_claw_hammer_llm_lie_x+0p150_y-0p130_pretrained,0003_claw_hammer_llm_lie_x+0p150_y-0p130,claw_hammer,swing_down,llm_lie,pretrained,llm_lie + pretrained,0,False,2.7027027027027026,3,0.0,0.24432806889559974,94.42573644321796,0.2385970544906781,93.85330036211302,0.7295719028333006,122.25881532876521,10,37,37,cycle_to_predefined_length,mirrored,execution_failure,object_z_low,,experiments/results/thesis_main_v3_v2/execution/artifacts/0003_claw_hammer_llm_lie_x+0p150_y-0p130_pretrained,experiments/results/thesis_main_v3_v2/execution/artifacts/0003_claw_hammer_llm_lie_x+0p150_y-0p130_pretrained/trace.json,claw_hammer,0,True,execution/replay/trials/0003_claw_hammer_llm_lie_x+0p150_y-0p130_pretrained.json
0004_claw_hammer_llm_lie_x-0p150_y-0p080_pretrained,0004_claw_hammer_llm_lie_x-0p150_y-0p080,claw_hammer,swing_down,llm_lie,pretrained,llm_lie + pretrained,0,False,29.72972972972973,30,0.0029308323563892145,0.17622510189683244,102.02783258286543,0.16133812797773445,98.36357347726658,1.0508657680607456,134.8371938101508,10,37,37,cycle_to_predefined_length,mirrored,execution_failure,object_z_low,,experiments/results/thesis_main_v3_v2/execution/artifacts/0004_claw_hammer_llm_lie_x-0p150_y-0p080_pretrained,experiments/results/thesis_main_v3_v2/execution/artifacts/0004_claw_hammer_llm_lie_x-0p150_y-0p080_pretrained/trace.json,claw_hammer,0,True,execution/replay/trials/0004_claw_hammer_llm_lie_x-0p150_y-0p080_pretrained.json
0005_claw_hammer_llm_lie_x+0p000_y-0p080_pretrained,0005_claw_hammer_llm_lie_x+0p000_y-0p080,claw_hammer,swing_down,llm_lie,pretrained,llm_lie + pretrained,0,False,2.7027027027027026,3,0.0,0.22743718811672622,96.79480260747755,0.22209734810123288,96.0912974573299,0.7998546635710813,132.4889018129569,10,37,37,cycle_to_predefined_length,mirrored,execution_failure,object_z_low,,experiments/results/thesis_main_v3_v2/execution/artifacts/0005_claw_hammer_llm_lie_x+0p000_y-0p080_pretrained,experiments/results/thesis_main_v3_v2/execution/artifacts/0005_claw_hammer_llm_lie_x+0p000_y-0p080_pretrained/trace.json,claw_hammer,0,True,execution/replay/trials/0005_claw_hammer_llm_lie_x+0p000_y-0p080_pretrained.json
0006_claw_hammer_llm_lie_x+0p150_y-0p080_pretrained,0006_claw_hammer_llm_lie_x+0p150_y-0p080,claw_hammer,swing_down,llm_lie,pretrained,llm_lie + pretrained,0,False,2.7027027027027026,3,0.0,0.23357315318940472,94.82763973138113,0.22953811388017828,94.14127695128283,0.7166981004858347,142.40738970611633,10,37,37,cycle_to_predefined_length,mirrored,execution_failure,object_z_low,,experiments/results/thesis_main_v3_v2/execution/artifacts/0006_claw_hammer_llm_lie_x+0p150_y-0p080_pretrained,experiments/results/thesis_main_v3_v2/execution/artifacts/0006_claw_hammer_llm_lie_x+0p150_y-0p080_pretrained/trace.json,claw_hammer,0,True,execution/replay/trials/0006_claw_hammer_llm_lie_x+0p150_y-0p080_pretrained.json
0007_claw_hammer_llm_lie_x-0p150_y-0p030_pretrained,0007_claw_hammer_llm_lie_x-0p150_y-0p030,claw_hammer,swing_down,llm_lie,pretrained,llm_lie + pretrained,0,True,100.0,100,0.00944767441860465,0.1408090860808299,87.77687240148529,0.11882142304576428,73.75611628629412,0.037045495280852096,12.06162331368472,10,37,37,cycle_to_predefined_length,mirrored,,,,experiments/results/thesis_main_v3_v2/execution/artifacts/0007_claw_hammer_llm_lie_x-0p150_y-0p030_pretrained,experiments/results/thesis_main_v3_v2/execution/artifacts/0007_claw_hammer_llm_lie_x-0p150_y-0p030_pretrained/trace.json,claw_hammer,0,True,execution/replay/trials/0007_claw_hammer_llm_lie_x-0p150_y-0p030_pretrained.json
0008_claw_hammer_llm_lie_x+0p000_y-0p030_pretrained,0008_claw_hammer_llm_lie_x+0p000_y-0p030,claw_hammer,swing_down,llm_lie,pretrained,llm_lie + pretrained,0,False,2.7027027027027026,3,0.0,0.24280602646103117,97.70870163514026,0.23938054735740377,97.4155105251791,0.6891646581564078,55.3149251187096,10,37,37,cycle_to_predefined_length,mirrored,execution_failure,object_z_low,,experiments/results/thesis_main_v3_v2/execution/artifacts/0008_claw_hammer_llm_lie_x+0p000_y-0p030_pretrained,experiments/results/thesis_main_v3_v2/execution/artifacts/0008_claw_hammer_llm_lie_x+0p000_y-0p030_pretrained/trace.json,claw_hammer,0,True,execution/replay/trials/0008_claw_hammer_llm_lie_x+0p000_y-0p030_pretrained.json
0009_claw_hammer_llm_lie_x+0p150_y-0p030_pretrained,0009_claw_hammer_llm_lie_x+0p150_y-0p030,claw_hammer,swing_down,llm_lie,pretrained,llm_lie + pretrained,0,False,2.7027027027027026,3,0.0,0.2413453989978919,100.69593887175432,0.23758702068016851,99.24019963468795,0.7127503491018863,136.83977998946736,10,37,37,cycle_to_predefined_length,mirrored,execution_failure,object_z_low,,experiments/results/thesis_main_v3_v2/execution/artifacts/0009_claw_hammer_llm_lie_x+0p150_y-0p030_pretrained,experiments/results/thesis_main_v3_v2/execution/artifacts/0009_claw_hammer_llm_lie_x+0p150_y-0p030_pretrained/trace.json,claw_hammer,0,True,execution/replay/trials/0009_claw_hammer_llm_lie_x+0p150_y-0p030_pretrained.json
0010_claw_hammer_llm_only_x-0p150_y-0p130_pretrained,0010_claw_hammer_llm_only_x-0p150_y-0p130,claw_hammer,swing_down,llm_only,pretrained,llm_only + pretrained,0,False,83.78378378378379,84,0.0007296607077708865,0.15406211247854468,126.37386837428707,0.13681350189474736,111.70147908071093,0.7174649235248212,134.17875961960596,37,37,37,identity,,execution_failure,object_z_low,,experiments/results/thesis_main_v3_v2/execution/artifacts/0010_claw_hammer_llm_only_x-0p150_y-0p130_pretrained,experiments/results/thesis_main_v3_v2/execution/artifacts/0010_claw_hammer_llm_only_x-0p150_y-0p130_pretrained/trace.json,claw_hammer,0,True,execution/replay/trials/0010_claw_hammer_llm_only_x-0p150_y-0p130_pretrained.json
0011_claw_hammer_llm_only_x+0p000_y-0p130_pretrained,0011_claw_hammer_llm_only_x+0p000_y-0p130,claw_hammer,swing_down,llm_only,pretrained,llm_only + pretrained,0,False,2.7027027027027026,3,0.0,0.18256642376985757,172.03705566354486,0.1766822851102318,171.74451129740234,0.7475765540560461,162.10552543673356,37,37,37,identity,,execution_failure,object_z_low,,experiments/results/thesis_main_v3_v2/execution/artifacts/0011_claw_hammer_llm_only_x+0p000_y-0p130_pretrained,experiments/results/thesis_main_v3_v2/execution/artifacts/0011_claw_hammer_llm_only_x+0p000_y-0p130_pretrained/trace.json,claw_hammer,0,True,execution/replay/trials/0011_claw_hammer_llm_only_x+0p000_y-0p130_pretrained.json
0012_claw_hammer_llm_only_x+0p150_y-0p130_pretrained,0012_claw_hammer_llm_only_x+0p150_y-0p130,claw_hammer,swing_down,llm_only,pretrained,llm_only + pretrained,0,False,2.7027027027027026,3,0.0,0.16567805022321444,173.42902571635898,0.1633781611541642,173.4079516522658,0.6868966050973565,162.0413044154519,37,37,37,identity,,execution_failure,object_z_low,,experiments/results/thesis_main_v3_v2/execution/artifacts/0012_claw_hammer_llm_only_x+0p150_y-0p130_pretrained,experiments/results/thesis_main_v3_v2/execution/artifacts/0012_claw_hammer_llm_only_x+0p150_y-0p130_pretrained/trace.json,claw_hammer,0,True,execution/replay/trials/0012_claw_hammer_llm_only_x+0p150_y-0p130_pretrained.json
0013_claw_hammer_llm_only_x-0p150_y-0p080_pretrained,0013_claw_hammer_llm_only_x-0p150_y-0p080,claw_hammer,swing_down,llm_only,pretrained,llm_only + pretrained,0,True,100.0,100,0.007681228996639462,0.12088687446980421,129.10321880463644,0.10434357031367093,106.27362004440552,0.24703790927978195,101.98797436159707,37,37,37,identity,,,,,experiments/results/thesis_main_v3_v2/execution/artifacts/0013_claw_hammer_llm_only_x-0p150_y-0p080_pretrained,experiments/results/thesis_main_v3_v2/execution/artifacts/0013_claw_hammer_llm_only_x-0p150_y-0p080_pretrained/trace.json,claw_hammer,0,True,execution/replay/trials/0013_claw_hammer_llm_only_x-0p150_y-0p080_pretrained.json
0014_claw_hammer_llm_only_x+0p000_y-0p080_pretrained,0014_claw_hammer_llm_only_x+0p000_y-0p080,claw_hammer,swing_down,llm_only,pretrained,llm_only + pretrained,0,False,2.7027027027027026,3,0.0,0.18444980920870563,172.82332156996156,0.17745408823561598,172.73797658862162,0.7074985801076512,136.5890815693412,37,37,37,identity,,execution_failure,object_z_low,,experiments/results/thesis_main_v3_v2/execution/artifacts/0014_claw_hammer_llm_only_x+0p000_y-0p080_pretrained,experiments/results/thesis_main_v3_v2/execution/artifacts/0014_claw_hammer_llm_only_x+0p000_y-0p080_pretrained/trace.json,claw_hammer,0,True,execution/replay/trials/0014_claw_hammer_llm_only_x+0p000_y-0p080_pretrained.json
0015_claw_hammer_llm_only_x+0p150_y-0p080_pretrained,0015_claw_hammer_llm_only_x+0p150_y-0p080,claw_hammer,swing_down,llm_only,pretrained,llm_only + pretrained,0,True,100.0,100,0.001357378320729106,0.1276025655200973,92.21724445903617,0.09689037487109158,58.92196331996009,0.1375893414068172,114.94133108768227,37,37,37,identity,,,,,experiments/results/thesis_main_v3_v2/execution/artifacts/0015_claw_hammer_llm_only_x+0p150_y-0p080_pretrained,experiments/results/thesis_main_v3_v2/execution/artifacts/0015_claw_hammer_llm_only_x+0p150_y-0p080_pretrained/trace.json,claw_hammer,0,True,execution/replay/trials/0015_claw_hammer_llm_only_x+0p150_y-0p080_pretrained.json
0016_claw_hammer_llm_only_x-0p150_y-0p030_pretrained,0016_claw_hammer_llm_only_x-0p150_y-0p030,claw_hammer,swing_down,llm_only,pretrained,llm_only + pretrained,0,False,2.7027027027027026,3,0.0,0.19252422235349956,172.910956309999,0.18681807851364327,172.86983161682102,0.6760240666675827,168.2168016904504,37,37,37,identity,,execution_failure,object_z_low,,experiments/results/thesis_main_v3_v2/execution/artifacts/0016_claw_hammer_llm_only_x-0p150_y-0p030_pretrained,experiments/results/thesis_main_v3_v2/execution/artifacts/0016_claw_hammer_llm_only_x-0p150_y-0p030_pretrained/trace.json,claw_hammer,0,True,execution/replay/trials/0016_claw_hammer_llm_only_x-0p150_y-0p030_pretrained.json
0017_claw_hammer_llm_only_x+0p000_y-0p030_pretrained,0017_claw_hammer_llm_only_x+0p000_y-0p030,claw_hammer,swing_down,llm_only,pretrained,llm_only + pretrained,0,False,2.7027027027027026,3,0.0,0.19628349832271866,172.88959549583996,0.19089041870484952,172.816848596264,0.6808646206898709,138.95343419681367,37,37,37,identity,,execution_failure,object_z_low,,experiments/results/thesis_main_v3_v2/execution/artifacts/0017_claw_hammer_llm_only_x+0p000_y-0p030_pretrained,experiments/results/thesis_main_v3_v2/execution/artifacts/0017_claw_hammer_llm_only_x+0p000_y-0p030_pretrained/trace.json,claw_hammer,0,True,execution/replay/trials/0017_claw_hammer_llm_only_x+0p000_y-0p030_pretrained.json
0018_claw_hammer_llm_only_x+0p150_y-0p030_pretrained,0018_claw_hammer_llm_only_x+0p150_y-0p030,claw_hammer,swing_down,llm_only,pretrained,llm_only + pretrained,0,False,2.7027027027027026,3,0.0,0.18179579001804513,172.46351859979356,0.17569399161452273,172.15110860829145,0.7765348417170814,78.3048203309852,37,37,37,identity,,execution_failure,object_z_low,,experiments/results/thesis_main_v3_v2/execution/artifacts/0018_claw_hammer_llm_only_x+0p150_y-0p030_pretrained,experiments/results/thesis_main_v3_v2/execution/artifacts/0018_claw_hammer_llm_only_x+0p150_y-0p030_pretrained/trace.json,claw_hammer,0,True,execution/replay/trials/0018_claw_hammer_llm_only_x+0p150_y-0p030_pretrained.json
0019_mallet_hammer_predefined_pretrained,0019_mallet_hammer_predefined,mallet_hammer,swing_down,predefined,pretrained,predefined + pretrained,0,False,2.7777777777777777,3,0.0,0.2241685856386713,176.65121939006116,0.2213554366442397,176.45912976530494,0.6813320064421747,119.41873714395541,36,36,36,identity,,execution_failure,object_z_low,,experiments/results/thesis_main_v3_v2/execution/artifacts/0019_mallet_hammer_predefined_pretrained,experiments/results/thesis_main_v3_v2/execution/artifacts/0019_mallet_hammer_predefined_pretrained/trace.json,mallet_hammer,0,True,execution/replay/trials/0019_mallet_hammer_predefined_pretrained.json
0020_mallet_hammer_llm_lie_x-0p150_y-0p130_pretrained,0020_mallet_hammer_llm_lie_x-0p150_y-0p130,mallet_hammer,swing_down,llm_lie,pretrained,llm_lie + pretrained,0,False,2.7777777777777777,3,0.0,0.2086951324418524,100.145602701034,0.19627755634500868,97.47446275222855,0.8588258954024117,48.52824349476644,11,36,36,cycle_to_predefined_length,mirrored,execution_failure,object_z_low,,experiments/results/thesis_main_v3_v2/execution/artifacts/0020_mallet_hammer_llm_lie_x-0p150_y-0p130_pretrained,experiments/results/thesis_main_v3_v2/execution/artifacts/0020_mallet_hammer_llm_lie_x-0p150_y-0p130_pretrained/trace.json,mallet_hammer,0,True,execution/replay/trials/0020_mallet_hammer_llm_lie_x-0p150_y-0p130_pretrained.json
0021_mallet_hammer_llm_lie_x+0p000_y-0p130_pretrained,0021_mallet_hammer_llm_lie_x+0p000_y-0p130,mallet_hammer,swing_down,llm_lie,pretrained,llm_lie + pretrained,0,True,100.0,100,0.014644351464435146,0.15894952209201937,74.42447334708103,0.1347955294266341,64.84834215374404,0.08328787371914584,47.61253552015904,11,36,36,cycle_to_predefined_length,mirrored,,,,experiments/results/thesis_main_v3_v2/execution/artifacts/0021_mallet_hammer_llm_lie_x+0p000_y-0p130_pretrained,experiments/results/thesis_main_v3_v2/execution/artifacts/0021_mallet_hammer_llm_lie_x+0p000_y-0p130_pretrained/trace.json,mallet_hammer,0,True,execution/replay/trials/0021_mallet_hammer_llm_lie_x+0p000_y-0p130_pretrained.json
0022_mallet_hammer_llm_lie_x+0p150_y-0p130_pretrained,0022_mallet_hammer_llm_lie_x+0p150_y-0p130,mallet_hammer,swing_down,llm_lie,pretrained,llm_lie + pretrained,0,True,100.0,100,0.02191464821222607,0.19684774471695426,74.17855399713143,0.17513352865438112,66.6933776269315,0.07567223903230372,50.6740711342846,11,36,36,cycle_to_predefined_length,mirrored,,,,experiments/results/thesis_main_v3_v2/execution/artifacts/0022_mallet_hammer_llm_lie_x+0p150_y-0p130_pretrained,experiments/results/thesis_main_v3_v2/execution/artifacts/0022_mallet_hammer_llm_lie_x+0p150_y-0p130_pretrained/trace.json,mallet_hammer,0,True,execution/replay/trials/0022_mallet_hammer_llm_lie_x+0p150_y-0p130_pretrained.json
0023_mallet_hammer_llm_lie_x-0p150_y-0p080_pretrained,0023_mallet_hammer_llm_lie_x-0p150_y-0p080,mallet_hammer,swing_down,llm_lie,pretrained,llm_lie + pretrained,0,True,100.0,100,0.0018393623543838135,0.19233193855436634,91.8862341723739,0.17317189425300467,83.772144685959,0.07304213687248166,48.14668676404398,11,36,36,cycle_to_predefined_length,mirrored,,,,experiments/results/thesis_main_v3_v2/execution/artifacts/0023_mallet_hammer_llm_lie_x-0p150_y-0p080_pretrained,experiments/results/thesis_main_v3_v2/execution/artifacts/0023_mallet_hammer_llm_lie_x-0p150_y-0p080_pretrained/trace.json,mallet_hammer,0,True,execution/replay/trials/0023_mallet_hammer_llm_lie_x-0p150_y-0p080_pretrained.json
0024_mallet_hammer_llm_lie_x+0p000_y-0p080_pretrained,0024_mallet_hammer_llm_lie_x+0p000_y-0p080,mallet_hammer,swing_down,llm_lie,pretrained,llm_lie + pretrained,0,False,2.7777777777777777,3,0.0,0.2799514151688704,98.29775747216881,0.27616419884250226,97.96637384517265,0.7651930971257255,178.92612936688082,11,36,36,cycle_to_predefined_length,mirrored,execution_failure,object_z_low,,experiments/results/thesis_main_v3_v2/execution/artifacts/0024_mallet_hammer_llm_lie_x+0p000_y-0p080_pretrained,experiments/results/thesis_main_v3_v2/execution/artifacts/0024_mallet_hammer_llm_lie_x+0p000_y-0p080_pretrained/trace.json,mallet_hammer,0,True,execution/replay/trials/0024_mallet_hammer_llm_lie_x+0p000_y-0p080_pretrained.json
0025_mallet_hammer_llm_lie_x+0p150_y-0p080_pretrained,0025_mallet_hammer_llm_lie_x+0p150_y-0p080,mallet_hammer,swing_down,llm_lie,pretrained,llm_lie + pretrained,0,False,2.7777777777777777,3,0.0,0.2624265970340858,89.23842127608994,0.257048337504042,89.05675633932312,0.8484909284349283,138.10670775446312,11,36,36,cycle_to_predefined_length,mirrored,execution_failure,object_z_low,,experiments/results/thesis_main_v3_v2/execution/artifacts/0025_mallet_hammer_llm_lie_x+0p150_y-0p080_pretrained,experiments/results/thesis_main_v3_v2/execution/artifacts/0025_mallet_hammer_llm_lie_x+0p150_y-0p080_pretrained/trace.json,mallet_hammer,0,True,execution/replay/trials/0025_mallet_hammer_llm_lie_x+0p150_y-0p080_pretrained.json
0026_mallet_hammer_llm_lie_x-0p150_y-0p030_pretrained,0026_mallet_hammer_llm_lie_x-0p150_y-0p030,mallet_hammer,swing_down,llm_lie,pretrained,llm_lie + pretrained,0,False,2.7777777777777777,3,0.0,0.23686850451213606,103.8205187521091,0.23234373741793055,102.82472072052369,0.7445868805778332,66.37973260344866,11,36,36,cycle_to_predefined_length,mirrored,execution_failure,object_z_low,,experiments/results/thesis_main_v3_v2/execution/artifacts/0026_mallet_hammer_llm_lie_x-0p150_y-0p030_pretrained,experiments/results/thesis_main_v3_v2/execution/artifacts/0026_mallet_hammer_llm_lie_x-0p150_y-0p030_pretrained/trace.json,mallet_hammer,0,True,execution/replay/trials/0026_mallet_hammer_llm_lie_x-0p150_y-0p030_pretrained.json
0027_mallet_hammer_llm_lie_x+0p000_y-0p030_pretrained,0027_mallet_hammer_llm_lie_x+0p000_y-0p030,mallet_hammer,swing_down,llm_lie,pretrained,llm_lie + pretrained,0,True,100.0,100,0.009380863039399626,0.2018875123057965,90.51779886786088,0.1660301150820201,77.19874137031977,0.0731045687351418,50.61410560822842,11,36,36,cycle_to_predefined_length,mirrored,,,,experiments/results/thesis_main_v3_v2/execution/artifacts/0027_mallet_hammer_llm_lie_x+0p000_y-0p030_pretrained,experiments/results/thesis_main_v3_v2/execution/artifacts/0027_mallet_hammer_llm_lie_x+0p000_y-0p030_pretrained/trace.json,mallet_hammer,0,True,execution/replay/trials/0027_mallet_hammer_llm_lie_x+0p000_y-0p030_pretrained.json
0028_mallet_hammer_llm_lie_x+0p150_y-0p030_pretrained,0028_mallet_hammer_llm_lie_x+0p150_y-0p030,mallet_hammer,swing_down,llm_lie,pretrained,llm_lie + pretrained,0,True,100.0,100,0.055872291904218926,0.2244351320499424,74.07191302767473,0.19923484575587952,66.34374928338683,0.07422938848400468,52.519191911274326,11,36,36,cycle_to_predefined_length,mirrored,,,,experiments/results/thesis_main_v3_v2/execution/artifacts/0028_mallet_hammer_llm_lie_x+0p150_y-0p030_pretrained,experiments/results/thesis_main_v3_v2/execution/artifacts/0028_mallet_hammer_llm_lie_x+0p150_y-0p030_pretrained/trace.json,mallet_hammer,0,True,execution/replay/trials/0028_mallet_hammer_llm_lie_x+0p150_y-0p030_pretrained.json
0029_mallet_hammer_llm_only_x-0p150_y-0p130_pretrained,0029_mallet_hammer_llm_only_x-0p150_y-0p130,mallet_hammer,swing_down,llm_only,pretrained,llm_only + pretrained,0,False,2.7777777777777777,3,0.0,0.20924495939109206,174.9788777451666,0.20618708068066446,174.7585686367157,0.7507077636364062,131.3088715431585,36,36,36,identity,,execution_failure,object_z_low,,experiments/results/thesis_main_v3_v2/execution/artifacts/0029_mallet_hammer_llm_only_x-0p150_y-0p130_pretrained,experiments/results/thesis_main_v3_v2/execution/artifacts/0029_mallet_hammer_llm_only_x-0p150_y-0p130_pretrained/trace.json,mallet_hammer,0,True,execution/replay/trials/0029_mallet_hammer_llm_only_x-0p150_y-0p130_pretrained.json
0030_mallet_hammer_llm_only_x+0p000_y-0p130_pretrained,0030_mallet_hammer_llm_only_x+0p000_y-0p130,mallet_hammer,swing_down,llm_only,pretrained,llm_only + pretrained,0,False,2.7777777777777777,3,0.0,0.21516341757635976,175.92056940946563,0.21128395607335024,175.60903928558093,0.7921060297316357,86.07013227732963,36,36,36,identity,,execution_failure,object_z_low,,experiments/results/thesis_main_v3_v2/execution/artifacts/0030_mallet_hammer_llm_only_x+0p000_y-0p130_pretrained,experiments/results/thesis_main_v3_v2/execution/artifacts/0030_mallet_hammer_llm_only_x+0p000_y-0p130_pretrained/trace.json,mallet_hammer,0,True,execution/replay/trials/0030_mallet_hammer_llm_only_x+0p000_y-0p130_pretrained.json
0031_mallet_hammer_llm_only_x+0p150_y-0p130_pretrained,0031_mallet_hammer_llm_only_x+0p150_y-0p130,mallet_hammer,swing_down,llm_only,pretrained,llm_only + pretrained,0,False,2.7777777777777777,3,0.0,0.22396225624410906,176.7761155152954,0.221091376580071,176.66315831395755,0.7077314134639083,133.4322821092746,36,36,36,identity,,execution_failure,object_z_low,,experiments/results/thesis_main_v3_v2/execution/artifacts/0031_mallet_hammer_llm_only_x+0p150_y-0p130_pretrained,experiments/results/thesis_main_v3_v2/execution/artifacts/0031_mallet_hammer_llm_only_x+0p150_y-0p130_pretrained/trace.json,mallet_hammer,0,True,execution/replay/trials/0031_mallet_hammer_llm_only_x+0p150_y-0p130_pretrained.json
0032_mallet_hammer_llm_only_x-0p150_y-0p080_pretrained,0032_mallet_hammer_llm_only_x-0p150_y-0p080,mallet_hammer,swing_down,llm_only,pretrained,llm_only + pretrained,0,False,2.7777777777777777,3,0.0,0.2117717042520523,175.61904402523385,0.20881978344516142,175.2649955054948,0.7201459634727361,104.77291644230364,36,36,36,identity,,execution_failure,object_z_low,,experiments/results/thesis_main_v3_v2/execution/artifacts/0032_mallet_hammer_llm_only_x-0p150_y-0p080_pretrained,experiments/results/thesis_main_v3_v2/execution/artifacts/0032_mallet_hammer_llm_only_x-0p150_y-0p080_pretrained/trace.json,mallet_hammer,0,True,execution/replay/trials/0032_mallet_hammer_llm_only_x-0p150_y-0p080_pretrained.json
0033_mallet_hammer_llm_only_x+0p000_y-0p080_pretrained,0033_mallet_hammer_llm_only_x+0p000_y-0p080,mallet_hammer,swing_down,llm_only,pretrained,llm_only + pretrained,0,False,2.7777777777777777,3,0.0,0.21652622914755232,177.15640751979285,0.2138827856954409,177.1216675284963,0.6862994247347197,141.91893086740473,36,36,36,identity,,execution_failure,object_z_low,,experiments/results/thesis_main_v3_v2/execution/artifacts/0033_mallet_hammer_llm_only_x+0p000_y-0p080_pretrained,experiments/results/thesis_main_v3_v2/execution/artifacts/0033_mallet_hammer_llm_only_x+0p000_y-0p080_pretrained/trace.json,mallet_hammer,0,True,execution/replay/trials/0033_mallet_hammer_llm_only_x+0p000_y-0p080_pretrained.json
0034_mallet_hammer_llm_only_x+0p150_y-0p080_pretrained,0034_mallet_hammer_llm_only_x+0p150_y-0p080,mallet_hammer,swing_down,llm_only,pretrained,llm_only + pretrained,0,False,2.7777777777777777,3,0.0,0.2156249524589038,176.10330851873846,0.21204450557516624,175.965049030491,0.7778097931185404,126.38423707737797,36,36,36,identity,,execution_failure,object_z_low,,experiments/results/thesis_main_v3_v2/execution/artifacts/0034_mallet_hammer_llm_only_x+0p150_y-0p080_pretrained,experiments/results/thesis_main_v3_v2/execution/artifacts/0034_mallet_hammer_llm_only_x+0p150_y-0p080_pretrained/trace.json,mallet_hammer,0,True,execution/replay/trials/0034_mallet_hammer_llm_only_x+0p150_y-0p080_pretrained.json
0035_mallet_hammer_llm_only_x-0p150_y-0p030_pretrained,0035_mallet_hammer_llm_only_x-0p150_y-0p030,mallet_hammer,swing_down,llm_only,pretrained,llm_only + pretrained,0,False,2.7777777777777777,3,0.0,0.2172035392330946,177.11824768571142,0.21371169793590686,177.03664041975028,0.7348502711233227,105.49292179553471,36,36,36,identity,,execution_failure,object_z_low,,experiments/results/thesis_main_v3_v2/execution/artifacts/0035_mallet_hammer_llm_only_x-0p150_y-0p030_pretrained,experiments/results/thesis_main_v3_v2/execution/artifacts/0035_mallet_hammer_llm_only_x-0p150_y-0p030_pretrained/trace.json,mallet_hammer,0,True,execution/replay/trials/0035_mallet_hammer_llm_only_x-0p150_y-0p030_pretrained.json
0036_mallet_hammer_llm_only_x+0p000_y-0p030_pretrained,0036_mallet_hammer_llm_only_x+0p000_y-0p030,mallet_hammer,swing_down,llm_only,pretrained,llm_only + pretrained,0,False,2.7777777777777777,3,0.0,0.2053663664103497,171.7520825150186,0.20194110600236986,171.06300329643088,0.7254023015304776,106.81954502997971,36,36,36,identity,,execution_failure,object_z_low,,experiments/results/thesis_main_v3_v2/execution/artifacts/0036_mallet_hammer_llm_only_x+0p000_y-0p030_pretrained,experiments/results/thesis_main_v3_v2/execution/artifacts/0036_mallet_hammer_llm_only_x+0p000_y-0p030_pretrained/trace.json,mallet_hammer,0,True,execution/replay/trials/0036_mallet_hammer_llm_only_x+0p000_y-0p030_pretrained.json
0037_mallet_hammer_llm_only_x+0p150_y-0p030_pretrained,0037_mallet_hammer_llm_only_x+0p150_y-0p030,mallet_hammer,swing_down,llm_only,pretrained,llm_only + pretrained,0,False,2.7777777777777777,3,0.0,0.21499538421749115,177.0517518821759,0.21187614417341125,177.0192510086515,0.7139182993038352,157.49184537752438,36,36,36,identity,,execution_failure,object_z_low,,experiments/results/thesis_main_v3_v2/execution/artifacts/0037_mallet_hammer_llm_only_x+0p150_y-0p030_pretrained,experiments/results/thesis_main_v3_v2/execution/artifacts/0037_mallet_hammer_llm_only_x+0p150_y-0p030_pretrained/trace.json,mallet_hammer,0,True,execution/replay/trials/0037_mallet_hammer_llm_only_x+0p150_y-0p030_pretrained.json
0038_cuboid_hammer_v014_predefined_pretrained,0038_cuboid_hammer_v014_predefined,cuboid_hammer_v014,swing_down,predefined,pretrained,predefined + pretrained,0,False,2.7027027027027026,3,0.0,0.18168774307491403,172.47335099451146,0.1773791634847036,172.4344895079347,0.6602921414835815,175.63095181054658,37,37,37,identity,,execution_failure,object_z_low,,experiments/results/thesis_main_v3_v2/execution/artifacts/0038_cuboid_hammer_v014_predefined_pretrained,experiments/results/thesis_main_v3_v2/execution/artifacts/0038_cuboid_hammer_v014_predefined_pretrained/trace.json,claw_hammer,0,True,execution/replay/trials/0038_cuboid_hammer_v014_predefined_pretrained.json
0039_cuboid_hammer_v014_llm_lie_x-0p150_y-0p130_pretrained,0039_cuboid_hammer_v014_llm_lie_x-0p150_y-0p130,cuboid_hammer_v014,swing_down,llm_lie,pretrained,llm_lie + pretrained,0,True,100.0,100,0.0042656916514320535,0.13393090117639264,75.7327929489593,0.11197409284823698,61.55547677449313,0.10888094862828802,69.71563913466748,12,37,37,cycle_to_predefined_length,mirrored,,,,experiments/results/thesis_main_v3_v2/execution/artifacts/0039_cuboid_hammer_v014_llm_lie_x-0p150_y-0p130_pretrained,experiments/results/thesis_main_v3_v2/execution/artifacts/0039_cuboid_hammer_v014_llm_lie_x-0p150_y-0p130_pretrained/trace.json,claw_hammer,0,True,execution/replay/trials/0039_cuboid_hammer_v014_llm_lie_x-0p150_y-0p130_pretrained.json
0040_cuboid_hammer_v014_llm_lie_x+0p000_y-0p130_pretrained,0040_cuboid_hammer_v014_llm_lie_x+0p000_y-0p130,cuboid_hammer_v014,swing_down,llm_lie,pretrained,llm_lie + pretrained,0,True,100.0,100,0.019096117122851686,0.14236215515128392,76.97144011124851,0.11967517748522147,66.75808047543632,0.10604717971265547,72.57833914951834,12,37,37,cycle_to_predefined_length,mirrored,,,,experiments/results/thesis_main_v3_v2/execution/artifacts/0040_cuboid_hammer_v014_llm_lie_x+0p000_y-0p130_pretrained,experiments/results/thesis_main_v3_v2/execution/artifacts/0040_cuboid_hammer_v014_llm_lie_x+0p000_y-0p130_pretrained/trace.json,claw_hammer,0,True,execution/replay/trials/0040_cuboid_hammer_v014_llm_lie_x+0p000_y-0p130_pretrained.json
0041_cuboid_hammer_v014_llm_lie_x+0p150_y-0p130_pretrained,0041_cuboid_hammer_v014_llm_lie_x+0p150_y-0p130,cuboid_hammer_v014,swing_down,llm_lie,pretrained,llm_lie + pretrained,0,False,2.7027027027027026,3,0.0,0.24451971488984453,97.33842836191924,0.23910372845023137,95.63323359824216,0.742367355437549,135.73021014955523,12,37,37,cycle_to_predefined_length,mirrored,execution_failure,object_z_low,,experiments/results/thesis_main_v3_v2/execution/artifacts/0041_cuboid_hammer_v014_llm_lie_x+0p150_y-0p130_pretrained,experiments/results/thesis_main_v3_v2/execution/artifacts/0041_cuboid_hammer_v014_llm_lie_x+0p150_y-0p130_pretrained/trace.json,claw_hammer,0,True,execution/replay/trials/0041_cuboid_hammer_v014_llm_lie_x+0p150_y-0p130_pretrained.json
0042_cuboid_hammer_v014_llm_lie_x-0p150_y-0p080_pretrained,0042_cuboid_hammer_v014_llm_lie_x-0p150_y-0p080,cuboid_hammer_v014,swing_down,llm_lie,pretrained,llm_lie + pretrained,0,False,2.7027027027027026,3,0.0,0.2549415949977255,92.37394017670312,0.24251640765357768,86.43961488383508,0.748770028069278,175.2116995593173,12,37,37,cycle_to_predefined_length,mirrored,execution_failure,object_z_low,,experiments/results/thesis_main_v3_v2/execution/artifacts/0042_cuboid_hammer_v014_llm_lie_x-0p150_y-0p080_pretrained,experiments/results/thesis_main_v3_v2/execution/artifacts/0042_cuboid_hammer_v014_llm_lie_x-0p150_y-0p080_pretrained/trace.json,claw_hammer,0,True,execution/replay/trials/0042_cuboid_hammer_v014_llm_lie_x-0p150_y-0p080_pretrained.json
0043_cuboid_hammer_v014_llm_lie_x+0p000_y-0p080_pretrained,0043_cuboid_hammer_v014_llm_lie_x+0p000_y-0p080,cuboid_hammer_v014,swing_down,llm_lie,pretrained,llm_lie + pretrained,0,False,2.7027027027027026,3,0.0,0.22772094974400992,92.77331868586634,0.22309512396899184,92.68537438860906,0.7591434159640327,114.22978294895695,12,37,37,cycle_to_predefined_length,mirrored,execution_failure,object_z_low,,experiments/results/thesis_main_v3_v2/execution/artifacts/0043_cuboid_hammer_v014_llm_lie_x+0p000_y-0p080_pretrained,experiments/results/thesis_main_v3_v2/execution/artifacts/0043_cuboid_hammer_v014_llm_lie_x+0p000_y-0p080_pretrained/trace.json,claw_hammer,0,True,execution/replay/trials/0043_cuboid_hammer_v014_llm_lie_x+0p000_y-0p080_pretrained.json
0044_cuboid_hammer_v014_llm_lie_x+0p150_y-0p080_pretrained,0044_cuboid_hammer_v014_llm_lie_x+0p150_y-0p080,cuboid_hammer_v014,swing_down,llm_lie,pretrained,llm_lie + pretrained,0,False,2.7027027027027026,3,0.0,0.27833216338945344,86.85507535432059,0.2730943049543462,86.18277693742077,0.7612506346364774,160.75708832008178,12,37,37,cycle_to_predefined_length,mirrored,execution_failure,object_z_low,,experiments/results/thesis_main_v3_v2/execution/artifacts/0044_cuboid_hammer_v014_llm_lie_x+0p150_y-0p080_pretrained,experiments/results/thesis_main_v3_v2/execution/artifacts/0044_cuboid_hammer_v014_llm_lie_x+0p150_y-0p080_pretrained/trace.json,claw_hammer,0,True,execution/replay/trials/0044_cuboid_hammer_v014_llm_lie_x+0p150_y-0p080_pretrained.json
0045_cuboid_hammer_v014_llm_lie_x-0p150_y-0p030_pretrained,0045_cuboid_hammer_v014_llm_lie_x-0p150_y-0p030,cuboid_hammer_v014,swing_down,llm_lie,pretrained,llm_lie + pretrained,0,False,2.7027027027027026,3,0.0,0.2219672869481111,100.26106740265097,0.22175763719555008,99.91771119418209,0.2244518680272406,100.71366795738777,12,37,37,cycle_to_predefined_length,mirrored,execution_failure,experiment_timeout,,experiments/results/thesis_main_v3_v2/execution/artifacts/0045_cuboid_hammer_v014_llm_lie_x-0p150_y-0p030_pretrained,experiments/results/thesis_main_v3_v2/execution/artifacts/0045_cuboid_hammer_v014_llm_lie_x-0p150_y-0p030_pretrained/trace.json,claw_hammer,0,True,execution/replay/trials/0045_cuboid_hammer_v014_llm_lie_x-0p150_y-0p030_pretrained.json
0046_cuboid_hammer_v014_llm_lie_x+0p000_y-0p030_pretrained,0046_cuboid_hammer_v014_llm_lie_x+0p000_y-0p030,cuboid_hammer_v014,swing_down,llm_lie,pretrained,llm_lie + pretrained,0,False,2.7027027027027026,3,0.0,0.2622765214772014,111.2591149611904,0.2577556374852195,108.60915357280538,0.7147382108592626,149.41815568551047,12,37,37,cycle_to_predefined_length,mirrored,execution_failure,object_z_low,,experiments/results/thesis_main_v3_v2/execution/artifacts/0046_cuboid_hammer_v014_llm_lie_x+0p000_y-0p030_pretrained,experiments/results/thesis_main_v3_v2/execution/artifacts/0046_cuboid_hammer_v014_llm_lie_x+0p000_y-0p030_pretrained/trace.json,claw_hammer,0,True,execution/replay/trials/0046_cuboid_hammer_v014_llm_lie_x+0p000_y-0p030_pretrained.json
0047_cuboid_hammer_v014_llm_lie_x+0p150_y-0p030_pretrained,0047_cuboid_hammer_v014_llm_lie_x+0p150_y-0p030,cuboid_hammer_v014,swing_down,llm_lie,pretrained,llm_lie + pretrained,0,True,100.0,100,0.010934937124111536,0.15455915060600384,63.87027167584335,0.12773489420624276,53.79169945221713,0.11314707247176027,70.35138364236487,12,37,37,cycle_to_predefined_length,mirrored,,,,experiments/results/thesis_main_v3_v2/execution/artifacts/0047_cuboid_hammer_v014_llm_lie_x+0p150_y-0p030_pretrained,experiments/results/thesis_main_v3_v2/execution/artifacts/0047_cuboid_hammer_v014_llm_lie_x+0p150_y-0p030_pretrained/trace.json,claw_hammer,0,True,execution/replay/trials/0047_cuboid_hammer_v014_llm_lie_x+0p150_y-0p030_pretrained.json
0048_cuboid_hammer_v014_llm_only_x-0p150_y-0p130_pretrained,0048_cuboid_hammer_v014_llm_only_x-0p150_y-0p130,cuboid_hammer_v014,swing_down,llm_only,pretrained,llm_only + pretrained,0,False,2.7027027027027026,3,0.0,0.1704941806804637,173.0260273176523,0.16478660181645963,173.02325481242636,0.6986977641514951,178.93000129785554,37,37,37,identity,,execution_failure,object_z_low,,experiments/results/thesis_main_v3_v2/execution/artifacts/0048_cuboid_hammer_v014_llm_only_x-0p150_y-0p130_pretrained,experiments/results/thesis_main_v3_v2/execution/artifacts/0048_cuboid_hammer_v014_llm_only_x-0p150_y-0p130_pretrained/trace.json,claw_hammer,0,True,execution/replay/trials/0048_cuboid_hammer_v014_llm_only_x-0p150_y-0p130_pretrained.json
0049_cuboid_hammer_v014_llm_only_x+0p000_y-0p130_pretrained,0049_cuboid_hammer_v014_llm_only_x+0p000_y-0p130,cuboid_hammer_v014,swing_down,llm_only,pretrained,llm_only + pretrained,0,False,2.7027027027027026,3,0.0,0.1782909835020265,172.39567809803654,0.1720754085738793,172.35943222069915,0.6787456397950465,176.5646186068412,37,37,37,identity,,execution_failure,object_z_low,,experiments/results/thesis_main_v3_v2/execution/artifacts/0049_cuboid_hammer_v014_llm_only_x+0p000_y-0p130_pretrained,experiments/results/thesis_main_v3_v2/execution/artifacts/0049_cuboid_hammer_v014_llm_only_x+0p000_y-0p130_pretrained/trace.json,claw_hammer,0,True,execution/replay/trials/0049_cuboid_hammer_v014_llm_only_x+0p000_y-0p130_pretrained.json
0050_cuboid_hammer_v014_llm_only_x+0p150_y-0p130_pretrained,0050_cuboid_hammer_v014_llm_only_x+0p150_y-0p130,cuboid_hammer_v014,swing_down,llm_only,pretrained,llm_only + pretrained,0,False,2.7027027027027026,3,0.0,0.18700416119433827,171.2805945643103,0.17979428504550263,171.11464329797806,0.7394042615747558,160.83393266993363,37,37,37,identity,,execution_failure,object_z_low,,experiments/results/thesis_main_v3_v2/execution/artifacts/0050_cuboid_hammer_v014_llm_only_x+0p150_y-0p130_pretrained,experiments/results/thesis_main_v3_v2/execution/artifacts/0050_cuboid_hammer_v014_llm_only_x+0p150_y-0p130_pretrained/trace.json,claw_hammer,0,True,execution/replay/trials/0050_cuboid_hammer_v014_llm_only_x+0p150_y-0p130_pretrained.json
0051_cuboid_hammer_v014_llm_only_x-0p150_y-0p080_pretrained,0051_cuboid_hammer_v014_llm_only_x-0p150_y-0p080,cuboid_hammer_v014,swing_down,llm_only,pretrained,llm_only + pretrained,0,False,2.7027027027027026,3,0.0,0.17530438820099914,172.24221637355467,0.17021061315076796,172.1652820353503,0.6751524526745412,174.7867879660709,37,37,37,identity,,execution_failure,object_z_low,,experiments/results/thesis_main_v3_v2/execution/artifacts/0051_cuboid_hammer_v014_llm_only_x-0p150_y-0p080_pretrained,experiments/results/thesis_main_v3_v2/execution/artifacts/0051_cuboid_hammer_v014_llm_only_x-0p150_y-0p080_pretrained/trace.json,claw_hammer,0,True,execution/replay/trials/0051_cuboid_hammer_v014_llm_only_x-0p150_y-0p080_pretrained.json
0052_cuboid_hammer_v014_llm_only_x+0p000_y-0p080_pretrained,0052_cuboid_hammer_v014_llm_only_x+0p000_y-0p080,cuboid_hammer_v014,swing_down,llm_only,pretrained,llm_only + pretrained,0,False,2.7027027027027026,3,0.0,0.17631741492041675,172.77832484332657,0.16925492730648123,172.74837205791408,0.6641594084422157,142.95357489337547,37,37,37,identity,,execution_failure,object_z_low,,experiments/results/thesis_main_v3_v2/execution/artifacts/0052_cuboid_hammer_v014_llm_only_x+0p000_y-0p080_pretrained,experiments/results/thesis_main_v3_v2/execution/artifacts/0052_cuboid_hammer_v014_llm_only_x+0p000_y-0p080_pretrained/trace.json,claw_hammer,0,True,execution/replay/trials/0052_cuboid_hammer_v014_llm_only_x+0p000_y-0p080_pretrained.json
0053_cuboid_hammer_v014_llm_only_x+0p150_y-0p080_pretrained,0053_cuboid_hammer_v014_llm_only_x+0p150_y-0p080,cuboid_hammer_v014,swing_down,llm_only,pretrained,llm_only + pretrained,0,False,2.7027027027027026,3,0.0,0.18033343446434805,172.38543423940408,0.17495051972094447,172.35071126411654,0.6724425840093549,170.70594214100925,37,37,37,identity,,execution_failure,object_z_low,,experiments/results/thesis_main_v3_v2/execution/artifacts/0053_cuboid_hammer_v014_llm_only_x+0p150_y-0p080_pretrained,experiments/results/thesis_main_v3_v2/execution/artifacts/0053_cuboid_hammer_v014_llm_only_x+0p150_y-0p080_pretrained/trace.json,claw_hammer,0,True,execution/replay/trials/0053_cuboid_hammer_v014_llm_only_x+0p150_y-0p080_pretrained.json
0054_cuboid_hammer_v014_llm_only_x-0p150_y-0p030_pretrained,0054_cuboid_hammer_v014_llm_only_x-0p150_y-0p030,cuboid_hammer_v014,swing_down,llm_only,pretrained,llm_only + pretrained,0,False,2.7027027027027026,3,0.0,0.17074181584666284,169.84741391389142,0.164150447183903,168.9912651408619,0.6771122492430536,81.63032324241563,37,37,37,identity,,execution_failure,object_z_low,,experiments/results/thesis_main_v3_v2/execution/artifacts/0054_cuboid_hammer_v014_llm_only_x-0p150_y-0p030_pretrained,experiments/results/thesis_main_v3_v2/execution/artifacts/0054_cuboid_hammer_v014_llm_only_x-0p150_y-0p030_pretrained/trace.json,claw_hammer,0,True,execution/replay/trials/0054_cuboid_hammer_v014_llm_only_x-0p150_y-0p030_pretrained.json
0055_cuboid_hammer_v014_llm_only_x+0p000_y-0p030_pretrained,0055_cuboid_hammer_v014_llm_only_x+0p000_y-0p030,cuboid_hammer_v014,swing_down,llm_only,pretrained,llm_only + pretrained,0,False,2.7027027027027026,3,0.0,0.1851016482364919,172.0390110910469,0.18047353512512673,171.9407378318429,0.6763735861013681,160.87130937281125,37,37,37,identity,,execution_failure,object_z_low,,experiments/results/thesis_main_v3_v2/execution/artifacts/0055_cuboid_hammer_v014_llm_only_x+0p000_y-0p030_pretrained,experiments/results/thesis_main_v3_v2/execution/artifacts/0055_cuboid_hammer_v014_llm_only_x+0p000_y-0p030_pretrained/trace.json,claw_hammer,0,True,execution/replay/trials/0055_cuboid_hammer_v014_llm_only_x+0p000_y-0p030_pretrained.json
0056_cuboid_hammer_v014_llm_only_x+0p150_y-0p030_pretrained,0056_cuboid_hammer_v014_llm_only_x+0p150_y-0p030,cuboid_hammer_v014,swing_down,llm_only,pretrained,llm_only + pretrained,0,False,2.7027027027027026,3,0.0,0.17803104904896,172.65228407211734,0.1737258162516227,172.64192216450897,0.6610032877421029,162.15369645140592,37,37,37,identity,,execution_failure,object_z_low,,experiments/results/thesis_main_v3_v2/execution/artifacts/0056_cuboid_hammer_v014_llm_only_x+0p150_y-0p030_pretrained,experiments/results/thesis_main_v3_v2/execution/artifacts/0056_cuboid_hammer_v014_llm_only_x+0p150_y-0p030_pretrained/trace.json,claw_hammer,0,True,execution/replay/trials/0056_cuboid_hammer_v014_llm_only_x+0p150_y-0p030_pretrained.json
0057_long_screwdriver_predefined_pretrained,0057_long_screwdriver_predefined,long_screwdriver,spin_vertical,predefined,pretrained,predefined + pretrained,0,False,35.0,35,0.0036719706242350062,0.12626196990442567,109.55790811340012,0.10727238144575858,88.78043919411537,0.8210879015528434,72.86276999826153,100,100,100,identity,,execution_failure,object_z_low,,experiments/results/thesis_main_v3_v2/execution/artifacts/0057_long_screwdriver_predefined_pretrained,experiments/results/thesis_main_v3_v2/execution/artifacts/0057_long_screwdriver_predefined_pretrained/trace.json,long_screwdriver,0,True,execution/replay/trials/0057_long_screwdriver_predefined_pretrained.json
0058_long_screwdriver_llm_lie_x-0p150_y-0p130_pretrained,0058_long_screwdriver_llm_lie_x-0p150_y-0p130,long_screwdriver,spin_vertical,llm_lie,pretrained,llm_lie + pretrained,0,True,100.0,100,0.0,0.12549286510350158,54.15008913238473,0.09114073256727094,44.96929527067053,0.03346982580333438,5.944967046426754,9,100,100,cycle_to_predefined_length,forward_repeat,,,,experiments/results/thesis_main_v3_v2/execution/artifacts/0058_long_screwdriver_llm_lie_x-0p150_y-0p130_pretrained,experiments/results/thesis_main_v3_v2/execution/artifacts/0058_long_screwdriver_llm_lie_x-0p150_y-0p130_pretrained/trace.json,long_screwdriver,0,True,execution/replay/trials/0058_long_screwdriver_llm_lie_x-0p150_y-0p130_pretrained.json
0059_long_screwdriver_llm_lie_x+0p000_y-0p130_pretrained,0059_long_screwdriver_llm_lie_x+0p000_y-0p130,long_screwdriver,spin_vertical,llm_lie,pretrained,llm_lie + pretrained,0,True,100.0,100,0.0,0.11345043460247817,57.96113856458366,0.08902415903581867,49.063919901217794,0.03570660164988358,4.94470692984668,9,100,100,cycle_to_predefined_length,forward_repeat,,,,experiments/results/thesis_main_v3_v2/execution/artifacts/0059_long_screwdriver_llm_lie_x+0p000_y-0p130_pretrained,experiments/results/thesis_main_v3_v2/execution/artifacts/0059_long_screwdriver_llm_lie_x+0p000_y-0p130_pretrained/trace.json,long_screwdriver,0,True,execution/replay/trials/0059_long_screwdriver_llm_lie_x+0p000_y-0p130_pretrained.json
0060_long_screwdriver_llm_lie_x+0p150_y-0p130_pretrained,0060_long_screwdriver_llm_lie_x+0p150_y-0p130,long_screwdriver,spin_vertical,llm_lie,pretrained,llm_lie + pretrained,0,False,38.0,38,0.0,0.16391787714442857,70.81982824488759,0.12127012481564078,57.03356001361713,0.8535468396166692,162.01977063518248,9,100,100,cycle_to_predefined_length,forward_repeat,execution_failure,object_z_low,,experiments/results/thesis_main_v3_v2/execution/artifacts/0060_long_screwdriver_llm_lie_x+0p150_y-0p130_pretrained,experiments/results/thesis_main_v3_v2/execution/artifacts/0060_long_screwdriver_llm_lie_x+0p150_y-0p130_pretrained/trace.json,long_screwdriver,0,True,execution/replay/trials/0060_long_screwdriver_llm_lie_x+0p150_y-0p130_pretrained.json
0061_long_screwdriver_llm_lie_x-0p150_y-0p080_pretrained,0061_long_screwdriver_llm_lie_x-0p150_y-0p080,long_screwdriver,spin_vertical,llm_lie,pretrained,llm_lie + pretrained,0,False,66.0,66,0.0,0.1355732935798336,62.55118718895799,0.09823579352062148,50.73661133173014,0.8272037908633049,84.97850864144142,9,100,100,cycle_to_predefined_length,forward_repeat,execution_failure,object_z_low,,experiments/results/thesis_main_v3_v2/execution/artifacts/0061_long_screwdriver_llm_lie_x-0p150_y-0p080_pretrained,experiments/results/thesis_main_v3_v2/execution/artifacts/0061_long_screwdriver_llm_lie_x-0p150_y-0p080_pretrained/trace.json,long_screwdriver,0,True,execution/replay/trials/0061_long_screwdriver_llm_lie_x-0p150_y-0p080_pretrained.json
0062_long_screwdriver_llm_lie_x+0p000_y-0p080_pretrained,0062_long_screwdriver_llm_lie_x+0p000_y-0p080,long_screwdriver,spin_vertical,llm_lie,pretrained,llm_lie + pretrained,0,True,100.0,100,0.00013867702121758425,0.10792876022936898,55.4648765634616,0.08492357202576122,45.56350110045583,0.038582597692924936,10.384039657482063,9,100,100,cycle_to_predefined_length,forward_repeat,,,,experiments/results/thesis_main_v3_v2/execution/artifacts/0062_long_screwdriver_llm_lie_x+0p000_y-0p080_pretrained,experiments/results/thesis_main_v3_v2/execution/artifacts/0062_long_screwdriver_llm_lie_x+0p000_y-0p080_pretrained/trace.json,long_screwdriver,0,True,execution/replay/trials/0062_long_screwdriver_llm_lie_x+0p000_y-0p080_pretrained.json
0063_long_screwdriver_llm_lie_x+0p150_y-0p080_pretrained,0063_long_screwdriver_llm_lie_x+0p150_y-0p080,long_screwdriver,spin_vertical,llm_lie,pretrained,llm_lie + pretrained,0,False,15.0,15,0.0,0.14541276206346337,47.84791464541132,0.10650769211006919,30.021569798690212,0.834039834283067,117.85423044572126,9,100,100,cycle_to_predefined_length,forward_repeat,execution_failure,object_z_low,,experiments/results/thesis_main_v3_v2/execution/artifacts/0063_long_screwdriver_llm_lie_x+0p150_y-0p080_pretrained,experiments/results/thesis_main_v3_v2/execution/artifacts/0063_long_screwdriver_llm_lie_x+0p150_y-0p080_pretrained/trace.json,long_screwdriver,0,True,execution/replay/trials/0063_long_screwdriver_llm_lie_x+0p150_y-0p080_pretrained.json
0064_long_screwdriver_llm_lie_x-0p150_y-0p030_pretrained,0064_long_screwdriver_llm_lie_x-0p150_y-0p030,long_screwdriver,spin_vertical,llm_lie,pretrained,llm_lie + pretrained,0,True,100.0,100,0.0,0.11515461471813976,56.63637920450974,0.08961548055012682,48.65141792866252,0.0338631606574032,10.69450889937659,9,100,100,cycle_to_predefined_length,forward_repeat,,,,experiments/results/thesis_main_v3_v2/execution/artifacts/0064_long_screwdriver_llm_lie_x-0p150_y-0p030_pretrained,experiments/results/thesis_main_v3_v2/execution/artifacts/0064_long_screwdriver_llm_lie_x-0p150_y-0p030_pretrained/trace.json,long_screwdriver,0,True,execution/replay/trials/0064_long_screwdriver_llm_lie_x-0p150_y-0p030_pretrained.json
0065_long_screwdriver_llm_lie_x+0p000_y-0p030_pretrained,0065_long_screwdriver_llm_lie_x+0p000_y-0p030,long_screwdriver,spin_vertical,llm_lie,pretrained,llm_lie + pretrained,0,True,100.0,100,0.0,0.09798354088120607,48.73402398258125,0.08086526209664645,37.066589083236536,0.03920781383899196,4.205519127862256,9,100,100,cycle_to_predefined_length,forward_repeat,,,,experiments/results/thesis_main_v3_v2/execution/artifacts/0065_long_screwdriver_llm_lie_x+0p000_y-0p030_pretrained,experiments/results/thesis_main_v3_v2/execution/artifacts/0065_long_screwdriver_llm_lie_x+0p000_y-0p030_pretrained/trace.json,long_screwdriver,0,True,execution/replay/trials/0065_long_screwdriver_llm_lie_x+0p000_y-0p030_pretrained.json
0066_long_screwdriver_llm_lie_x+0p150_y-0p030_pretrained,0066_long_screwdriver_llm_lie_x+0p150_y-0p030,long_screwdriver,spin_vertical,llm_lie,pretrained,llm_lie + pretrained,0,False,28.0,28,0.0,0.10550036674771056,29.676043298913786,0.08732252304962829,16.413035820228597,0.09643652427218846,15.524925230534043,9,100,100,cycle_to_predefined_length,forward_repeat,execution_failure,experiment_timeout,,experiments/results/thesis_main_v3_v2/execution/artifacts/0066_long_screwdriver_llm_lie_x+0p150_y-0p030_pretrained,experiments/results/thesis_main_v3_v2/execution/artifacts/0066_long_screwdriver_llm_lie_x+0p150_y-0p030_pretrained/trace.json,long_screwdriver,0,True,execution/replay/trials/0066_long_screwdriver_llm_lie_x+0p150_y-0p030_pretrained.json
0067_long_screwdriver_llm_only_x-0p150_y-0p130_pretrained,0067_long_screwdriver_llm_only_x-0p150_y-0p130,long_screwdriver,spin_vertical,llm_only,pretrained,llm_only + pretrained,0,False,25.0,25,0.0,0.13608538261864353,112.05144387133184,0.11167118672735193,82.16449390817826,0.8443863438275442,73.50725232494885,100,100,100,identity,,execution_failure,object_z_low,,experiments/results/thesis_main_v3_v2/execution/artifacts/0067_long_screwdriver_llm_only_x-0p150_y-0p130_pretrained,experiments/results/thesis_main_v3_v2/execution/artifacts/0067_long_screwdriver_llm_only_x-0p150_y-0p130_pretrained/trace.json,long_screwdriver,0,True,execution/replay/trials/0067_long_screwdriver_llm_only_x-0p150_y-0p130_pretrained.json
0068_long_screwdriver_llm_only_x+0p000_y-0p130_pretrained,0068_long_screwdriver_llm_only_x+0p000_y-0p130,long_screwdriver,spin_vertical,llm_only,pretrained,llm_only + pretrained,0,False,68.0,68,0.002063679245283019,0.1049209821883817,104.2876310759436,0.08794448578565017,86.82059353961716,0.758181427664404,73.46325881243024,100,100,100,identity,,execution_failure,object_z_low,,experiments/results/thesis_main_v3_v2/execution/artifacts/0068_long_screwdriver_llm_only_x+0p000_y-0p130_pretrained,experiments/results/thesis_main_v3_v2/execution/artifacts/0068_long_screwdriver_llm_only_x+0p000_y-0p130_pretrained/trace.json,long_screwdriver,0,True,execution/replay/trials/0068_long_screwdriver_llm_only_x+0p000_y-0p130_pretrained.json
0069_long_screwdriver_llm_only_x+0p150_y-0p130_pretrained,0069_long_screwdriver_llm_only_x+0p150_y-0p130,long_screwdriver,spin_vertical,llm_only,pretrained,llm_only + pretrained,0,False,34.0,34,0.0008841732979664014,0.1189068715758472,107.57212290216206,0.09931393489266738,81.56158866098015,0.7621616260843679,82.41520591861978,100,100,100,identity,,execution_failure,object_z_low,,experiments/results/thesis_main_v3_v2/execution/artifacts/0069_long_screwdriver_llm_only_x+0p150_y-0p130_pretrained,experiments/results/thesis_main_v3_v2/execution/artifacts/0069_long_screwdriver_llm_only_x+0p150_y-0p130_pretrained/trace.json,long_screwdriver,0,True,execution/replay/trials/0069_long_screwdriver_llm_only_x+0p150_y-0p130_pretrained.json
0070_long_screwdriver_llm_only_x-0p150_y-0p080_pretrained,0070_long_screwdriver_llm_only_x-0p150_y-0p080,long_screwdriver,spin_vertical,llm_only,pretrained,llm_only + pretrained,0,False,34.0,34,0.004319654427645789,0.13165562751473406,124.75890931341394,0.11035602835810862,103.21686160988983,0.7701383030099448,167.40223301250086,100,100,100,identity,,execution_failure,object_z_low,,experiments/results/thesis_main_v3_v2/execution/artifacts/0070_long_screwdriver_llm_only_x-0p150_y-0p080_pretrained,experiments/results/thesis_main_v3_v2/execution/artifacts/0070_long_screwdriver_llm_only_x-0p150_y-0p080_pretrained/trace.json,long_screwdriver,0,True,execution/replay/trials/0070_long_screwdriver_llm_only_x-0p150_y-0p080_pretrained.json
0071_long_screwdriver_llm_only_x+0p000_y-0p080_pretrained,0071_long_screwdriver_llm_only_x+0p000_y-0p080,long_screwdriver,spin_vertical,llm_only,pretrained,llm_only + pretrained,0,True,100.0,100,0.0035098915124441607,0.11107565359557202,106.96716689732636,0.08959230458541109,87.83132214123215,0.16193157751020526,77.88483402181845,100,100,100,identity,,,,,experiments/results/thesis_main_v3_v2/execution/artifacts/0071_long_screwdriver_llm_only_x+0p000_y-0p080_pretrained,experiments/results/thesis_main_v3_v2/execution/artifacts/0071_long_screwdriver_llm_only_x+0p000_y-0p080_pretrained/trace.json,long_screwdriver,0,True,execution/replay/trials/0071_long_screwdriver_llm_only_x+0p000_y-0p080_pretrained.json
0072_long_screwdriver_llm_only_x+0p150_y-0p080_pretrained,0072_long_screwdriver_llm_only_x+0p150_y-0p080,long_screwdriver,spin_vertical,llm_only,pretrained,llm_only + pretrained,0,False,35.0,35,0.0011664074650077762,0.12925411813511317,115.57886533701557,0.10969870381681925,93.04614615511726,0.7555319696351924,97.79273291866124,100,100,100,identity,,execution_failure,object_z_low,,experiments/results/thesis_main_v3_v2/execution/artifacts/0072_long_screwdriver_llm_only_x+0p150_y-0p080_pretrained,experiments/results/thesis_main_v3_v2/execution/artifacts/0072_long_screwdriver_llm_only_x+0p150_y-0p080_pretrained/trace.json,long_screwdriver,0,True,execution/replay/trials/0072_long_screwdriver_llm_only_x+0p150_y-0p080_pretrained.json
0073_long_screwdriver_llm_only_x-0p150_y-0p030_pretrained,0073_long_screwdriver_llm_only_x-0p150_y-0p030,long_screwdriver,spin_vertical,llm_only,pretrained,llm_only + pretrained,0,False,1.0,1,0.0,0.19732842359629366,160.3326847646536,0.19228881752002042,156.0565057591026,0.7280200576962353,172.7885744667157,100,100,100,identity,,execution_failure,object_z_low,,experiments/results/thesis_main_v3_v2/execution/artifacts/0073_long_screwdriver_llm_only_x-0p150_y-0p030_pretrained,experiments/results/thesis_main_v3_v2/execution/artifacts/0073_long_screwdriver_llm_only_x-0p150_y-0p030_pretrained/trace.json,long_screwdriver,0,True,execution/replay/trials/0073_long_screwdriver_llm_only_x-0p150_y-0p030_pretrained.json
0074_long_screwdriver_llm_only_x+0p000_y-0p030_pretrained,0074_long_screwdriver_llm_only_x+0p000_y-0p030,long_screwdriver,spin_vertical,llm_only,pretrained,llm_only + pretrained,0,False,35.0,35,0.0,0.12420251825468642,110.82269049299637,0.10448557265240623,89.29752005492115,0.7974016659242049,131.64136421440838,100,100,100,identity,,execution_failure,object_z_low,,experiments/results/thesis_main_v3_v2/execution/artifacts/0074_long_screwdriver_llm_only_x+0p000_y-0p030_pretrained,experiments/results/thesis_main_v3_v2/execution/artifacts/0074_long_screwdriver_llm_only_x+0p000_y-0p030_pretrained/trace.json,long_screwdriver,0,True,execution/replay/trials/0074_long_screwdriver_llm_only_x+0p000_y-0p030_pretrained.json
0075_long_screwdriver_llm_only_x+0p150_y-0p030_pretrained,0075_long_screwdriver_llm_only_x+0p150_y-0p030,long_screwdriver,spin_vertical,llm_only,pretrained,llm_only + pretrained,0,False,26.0,26,0.0008332561799833349,0.07402730396025847,49.259334801281085,0.06542996126083951,24.255286706995573,0.05081285592404219,13.090567968891783,100,100,100,identity,,execution_failure,experiment_timeout,,experiments/results/thesis_main_v3_v2/execution/artifacts/0075_long_screwdriver_llm_only_x+0p150_y-0p030_pretrained,experiments/results/thesis_main_v3_v2/execution/artifacts/0075_long_screwdriver_llm_only_x+0p150_y-0p030_pretrained/trace.json,long_screwdriver,0,True,execution/replay/trials/0075_long_screwdriver_llm_only_x+0p150_y-0p030_pretrained.json
0076_short_screwdriver_predefined_pretrained,0076_short_screwdriver_predefined,short_screwdriver,spin_vertical,predefined,pretrained,predefined + pretrained,0,False,1.3157894736842106,1,0.0,0.16296951999069806,6.602637579169216,0.1629681539457029,6.60263752685413,0.1629812298088528,6.6026855081776565,76,76,76,identity,,execution_failure,experiment_timeout,,experiments/results/thesis_main_v3_v2/execution/artifacts/0076_short_screwdriver_predefined_pretrained,experiments/results/thesis_main_v3_v2/execution/artifacts/0076_short_screwdriver_predefined_pretrained/trace.json,short_screwdriver,0,True,execution/replay/trials/0076_short_screwdriver_predefined_pretrained.json
0077_short_screwdriver_llm_lie_x-0p150_y-0p130_pretrained,0077_short_screwdriver_llm_lie_x-0p150_y-0p130,short_screwdriver,spin_vertical,llm_lie,pretrained,llm_lie + pretrained,0,False,88.15789473684211,88,9.258401999814833e-05,0.10672052636752892,89.61103751123328,0.09129104010376632,85.3534524146664,0.08631655777156695,89.65931746655751,9,76,76,cycle_to_predefined_length,forward_repeat,execution_failure,experiment_timeout,,experiments/results/thesis_main_v3_v2/execution/artifacts/0077_short_screwdriver_llm_lie_x-0p150_y-0p130_pretrained,experiments/results/thesis_main_v3_v2/execution/artifacts/0077_short_screwdriver_llm_lie_x-0p150_y-0p130_pretrained/trace.json,short_screwdriver,0,True,execution/replay/trials/0077_short_screwdriver_llm_lie_x-0p150_y-0p130_pretrained.json
0078_short_screwdriver_llm_lie_x+0p000_y-0p130_pretrained,0078_short_screwdriver_llm_lie_x+0p000_y-0p130,short_screwdriver,spin_vertical,llm_lie,pretrained,llm_lie + pretrained,0,False,17.105263157894736,17,0.0,0.0992646014325698,99.44939905381975,0.0913028770032896,97.37051130428979,0.08253889178950305,102.91981382612634,9,76,76,cycle_to_predefined_length,forward_repeat,execution_failure,experiment_timeout,,experiments/results/thesis_main_v3_v2/execution/artifacts/0078_short_screwdriver_llm_lie_x+0p000_y-0p130_pretrained,experiments/results/thesis_main_v3_v2/execution/artifacts/0078_short_screwdriver_llm_lie_x+0p000_y-0p130_pretrained/trace.json,short_screwdriver,0,True,execution/replay/trials/0078_short_screwdriver_llm_lie_x+0p000_y-0p130_pretrained.json
0079_short_screwdriver_llm_lie_x+0p150_y-0p130_pretrained,0079_short_screwdriver_llm_lie_x+0p150_y-0p130,short_screwdriver,spin_vertical,llm_lie,pretrained,llm_lie + pretrained,0,True,100.0,100,9.825112988799372e-05,0.09897002500417318,59.5348582710785,0.0824370607068177,54.72905757332032,0.034593824255372205,96.42270037233148,9,76,76,cycle_to_predefined_length,forward_repeat,,,,experiments/results/thesis_main_v3_v2/execution/artifacts/0079_short_screwdriver_llm_lie_x+0p150_y-0p130_pretrained,experiments/results/thesis_main_v3_v2/execution/artifacts/0079_short_screwdriver_llm_lie_x+0p150_y-0p130_pretrained/trace.json,short_screwdriver,0,True,execution/replay/trials/0079_short_screwdriver_llm_lie_x+0p150_y-0p130_pretrained.json
0080_short_screwdriver_llm_lie_x-0p150_y-0p080_pretrained,0080_short_screwdriver_llm_lie_x-0p150_y-0p080,short_screwdriver,spin_vertical,llm_lie,pretrained,llm_lie + pretrained,0,True,100.0,100,0.0,0.10550695461426846,93.81626489876216,0.08529143333508997,82.9204399092315,0.03836424967649648,125.84231703052693,9,76,76,cycle_to_predefined_length,forward_repeat,,,,experiments/results/thesis_main_v3_v2/execution/artifacts/0080_short_screwdriver_llm_lie_x-0p150_y-0p080_pretrained,experiments/results/thesis_main_v3_v2/execution/artifacts/0080_short_screwdriver_llm_lie_x-0p150_y-0p080_pretrained/trace.json,short_screwdriver,0,True,execution/replay/trials/0080_short_screwdriver_llm_lie_x-0p150_y-0p080_pretrained.json
0081_short_screwdriver_llm_lie_x+0p000_y-0p080_pretrained,0081_short_screwdriver_llm_lie_x+0p000_y-0p080,short_screwdriver,spin_vertical,llm_lie,pretrained,llm_lie + pretrained,0,False,40.78947368421053,41,0.0,0.09679242778686008,75.85422198452711,0.08880076783556025,66.7078884923577,0.07432374162338927,86.19984831092867,9,76,76,cycle_to_predefined_length,forward_repeat,execution_failure,experiment_timeout,,experiments/results/thesis_main_v3_v2/execution/artifacts/0081_short_screwdriver_llm_lie_x+0p000_y-0p080_pretrained,experiments/results/thesis_main_v3_v2/execution/artifacts/0081_short_screwdriver_llm_lie_x+0p000_y-0p080_pretrained/trace.json,short_screwdriver,0,True,execution/replay/trials/0081_short_screwdriver_llm_lie_x+0p000_y-0p080_pretrained.json
0082_short_screwdriver_llm_lie_x+0p150_y-0p080_pretrained,0082_short_screwdriver_llm_lie_x+0p150_y-0p080,short_screwdriver,spin_vertical,llm_lie,pretrained,llm_lie + pretrained,0,False,7.894736842105263,8,0.0,0.19006320945228872,80.70942156163997,0.1621837031318378,65.08866612688837,0.7696168682252911,111.96833369512593,9,76,76,cycle_to_predefined_length,forward_repeat,execution_failure,object_z_low,,experiments/results/thesis_main_v3_v2/execution/artifacts/0082_short_screwdriver_llm_lie_x+0p150_y-0p080_pretrained,experiments/results/thesis_main_v3_v2/execution/artifacts/0082_short_screwdriver_llm_lie_x+0p150_y-0p080_pretrained/trace.json,short_screwdriver,0,True,execution/replay/trials/0082_short_screwdriver_llm_lie_x+0p150_y-0p080_pretrained.json
0083_short_screwdriver_llm_lie_x-0p150_y-0p030_pretrained,0083_short_screwdriver_llm_lie_x-0p150_y-0p030,short_screwdriver,spin_vertical,llm_lie,pretrained,llm_lie + pretrained,0,False,55.26315789473684,55,9.258401999814833e-05,0.09291873502680521,97.18750835776876,0.07981659562197556,90.38355945766348,0.06881081399459701,60.623348055719845,9,76,76,cycle_to_predefined_length,forward_repeat,execution_failure,experiment_timeout,,experiments/results/thesis_main_v3_v2/execution/artifacts/0083_short_screwdriver_llm_lie_x-0p150_y-0p030_pretrained,experiments/results/thesis_main_v3_v2/execution/artifacts/0083_short_screwdriver_llm_lie_x-0p150_y-0p030_pretrained/trace.json,short_screwdriver,0,True,execution/replay/trials/0083_short_screwdriver_llm_lie_x-0p150_y-0p030_pretrained.json
0084_short_screwdriver_llm_lie_x+0p000_y-0p030_pretrained,0084_short_screwdriver_llm_lie_x+0p000_y-0p030,short_screwdriver,spin_vertical,llm_lie,pretrained,llm_lie + pretrained,0,False,17.105263157894736,17,0.0,0.0955123446978015,75.04921567329258,0.08948998057085654,73.21106674971516,0.08306607494442718,69.03836222548804,9,76,76,cycle_to_predefined_length,forward_repeat,execution_failure,experiment_timeout,,experiments/results/thesis_main_v3_v2/execution/artifacts/0084_short_screwdriver_llm_lie_x+0p000_y-0p030_pretrained,experiments/results/thesis_main_v3_v2/execution/artifacts/0084_short_screwdriver_llm_lie_x+0p000_y-0p030_pretrained/trace.json,short_screwdriver,0,True,execution/replay/trials/0084_short_screwdriver_llm_lie_x+0p000_y-0p030_pretrained.json
0085_short_screwdriver_llm_lie_x+0p150_y-0p030_pretrained,0085_short_screwdriver_llm_lie_x+0p150_y-0p030,short_screwdriver,spin_vertical,llm_lie,pretrained,llm_lie + pretrained,0,False,1.3157894736842106,1,0.0,0.26908667784720136,101.49924769486962,0.26500807029242607,100.21743903934018,0.9026559189838539,179.60518863462514,9,76,76,cycle_to_predefined_length,forward_repeat,execution_failure,object_z_low,,experiments/results/thesis_main_v3_v2/execution/artifacts/0085_short_screwdriver_llm_lie_x+0p150_y-0p030_pretrained,experiments/results/thesis_main_v3_v2/execution/artifacts/0085_short_screwdriver_llm_lie_x+0p150_y-0p030_pretrained/trace.json,short_screwdriver,0,True,execution/replay/trials/0085_short_screwdriver_llm_lie_x+0p150_y-0p030_pretrained.json
0086_short_screwdriver_llm_only_x-0p150_y-0p130_pretrained,0086_short_screwdriver_llm_only_x-0p150_y-0p130,short_screwdriver,spin_vertical,llm_only,pretrained,llm_only + pretrained,0,False,1.3157894736842106,1,0.0,0.16329899624047817,6.602637579169216,0.16329764114838047,6.60263752685413,0.16331067689759524,6.6026855081776565,76,76,76,identity,,execution_failure,experiment_timeout,,experiments/results/thesis_main_v3_v2/execution/artifacts/0086_short_screwdriver_llm_only_x-0p150_y-0p130_pretrained,experiments/results/thesis_main_v3_v2/execution/artifacts/0086_short_screwdriver_llm_only_x-0p150_y-0p130_pretrained/trace.json,short_screwdriver,0,True,execution/replay/trials/0086_short_screwdriver_llm_only_x-0p150_y-0p130_pretrained.json
0087_short_screwdriver_llm_only_x+0p000_y-0p130_pretrained,0087_short_screwdriver_llm_only_x+0p000_y-0p130,short_screwdriver,spin_vertical,llm_only,pretrained,llm_only + pretrained,0,False,1.3157894736842106,1,0.0,0.15635199762064064,6.602637579169216,0.15635040852185794,6.60263752685413,0.1563642071920198,6.6026855081776565,76,76,76,identity,,execution_failure,experiment_timeout,,experiments/results/thesis_main_v3_v2/execution/artifacts/0087_short_screwdriver_llm_only_x+0p000_y-0p130_pretrained,experiments/results/thesis_main_v3_v2/execution/artifacts/0087_short_screwdriver_llm_only_x+0p000_y-0p130_pretrained/trace.json,short_screwdriver,0,True,execution/replay/trials/0087_short_screwdriver_llm_only_x+0p000_y-0p130_pretrained.json
0088_short_screwdriver_llm_only_x+0p150_y-0p130_pretrained,0088_short_screwdriver_llm_only_x+0p150_y-0p130,short_screwdriver,spin_vertical,llm_only,pretrained,llm_only + pretrained,0,False,1.3157894736842106,1,0.0,0.15055454904564405,6.602637579169216,0.15055272114248147,6.60263752685413,0.1505672240063075,6.6026855081776565,76,76,76,identity,,execution_failure,experiment_timeout,,experiments/results/thesis_main_v3_v2/execution/artifacts/0088_short_screwdriver_llm_only_x+0p150_y-0p130_pretrained,experiments/results/thesis_main_v3_v2/execution/artifacts/0088_short_screwdriver_llm_only_x+0p150_y-0p130_pretrained/trace.json,short_screwdriver,0,True,execution/replay/trials/0088_short_screwdriver_llm_only_x+0p150_y-0p130_pretrained.json
0089_short_screwdriver_llm_only_x-0p150_y-0p080_pretrained,0089_short_screwdriver_llm_only_x-0p150_y-0p080,short_screwdriver,spin_vertical,llm_only,pretrained,llm_only + pretrained,0,False,1.3157894736842106,1,0.0,0.16137799714526935,6.602637579169216,0.16137658075164768,6.60263752685413,0.16138982830188137,6.6026855081776565,76,76,76,identity,,execution_failure,experiment_timeout,,experiments/results/thesis_main_v3_v2/execution/artifacts/0089_short_screwdriver_llm_only_x-0p150_y-0p080_pretrained,experiments/results/thesis_main_v3_v2/execution/artifacts/0089_short_screwdriver_llm_only_x-0p150_y-0p080_pretrained/trace.json,short_screwdriver,0,True,execution/replay/trials/0089_short_screwdriver_llm_only_x-0p150_y-0p080_pretrained.json
0090_short_screwdriver_llm_only_x+0p000_y-0p080_pretrained,0090_short_screwdriver_llm_only_x+0p000_y-0p080,short_screwdriver,spin_vertical,llm_only,pretrained,llm_only + pretrained,0,False,47.36842105263158,47,0.00641025641025641,0.15498286859603,75.83202267889644,0.13291955402436398,50.91380093307449,0.7491553703496584,159.07762061175933,76,76,76,identity,,execution_failure,object_z_low,,experiments/results/thesis_main_v3_v2/execution/artifacts/0090_short_screwdriver_llm_only_x+0p000_y-0p080_pretrained,experiments/results/thesis_main_v3_v2/execution/artifacts/0090_short_screwdriver_llm_only_x+0p000_y-0p080_pretrained/trace.json,short_screwdriver,0,True,execution/replay/trials/0090_short_screwdriver_llm_only_x+0p000_y-0p080_pretrained.json
0091_short_screwdriver_llm_only_x+0p150_y-0p080_pretrained,0091_short_screwdriver_llm_only_x+0p150_y-0p080,short_screwdriver,spin_vertical,llm_only,pretrained,llm_only + pretrained,0,False,1.3157894736842106,1,0.0,0.16296951999069806,6.602637579169216,0.1629681539457029,6.60263752685413,0.1629812298088528,6.6026855081776565,76,76,76,identity,,execution_failure,experiment_timeout,,experiments/results/thesis_main_v3_v2/execution/artifacts/0091_short_screwdriver_llm_only_x+0p150_y-0p080_pretrained,experiments/results/thesis_main_v3_v2/execution/artifacts/0091_short_screwdriver_llm_only_x+0p150_y-0p080_pretrained/trace.json,short_screwdriver,0,True,execution/replay/trials/0091_short_screwdriver_llm_only_x+0p150_y-0p080_pretrained.json
0092_short_screwdriver_llm_only_x-0p150_y-0p030_pretrained,0092_short_screwdriver_llm_only_x-0p150_y-0p030,short_screwdriver,spin_vertical,llm_only,pretrained,llm_only + pretrained,0,False,1.3157894736842106,1,0.0,0.16905146397035734,6.602637579169216,0.1690502652965113,6.60263752685413,0.16906275124672704,6.6026855081776565,76,76,76,identity,,execution_failure,experiment_timeout,,experiments/results/thesis_main_v3_v2/execution/artifacts/0092_short_screwdriver_llm_only_x-0p150_y-0p030_pretrained,experiments/results/thesis_main_v3_v2/execution/artifacts/0092_short_screwdriver_llm_only_x-0p150_y-0p030_pretrained/trace.json,short_screwdriver,0,True,execution/replay/trials/0092_short_screwdriver_llm_only_x-0p150_y-0p030_pretrained.json
0093_short_screwdriver_llm_only_x+0p000_y-0p030_pretrained,0093_short_screwdriver_llm_only_x+0p000_y-0p030,short_screwdriver,spin_vertical,llm_only,pretrained,llm_only + pretrained,0,False,1.3157894736842106,1,0.0,0.15929309354234997,6.602637579169216,0.15929161062298364,6.60263752685413,0.15930507071037942,6.6026855081776565,76,76,76,identity,,execution_failure,experiment_timeout,,experiments/results/thesis_main_v3_v2/execution/artifacts/0093_short_screwdriver_llm_only_x+0p000_y-0p030_pretrained,experiments/results/thesis_main_v3_v2/execution/artifacts/0093_short_screwdriver_llm_only_x+0p000_y-0p030_pretrained/trace.json,short_screwdriver,0,True,execution/replay/trials/0093_short_screwdriver_llm_only_x+0p000_y-0p030_pretrained.json
0094_short_screwdriver_llm_only_x+0p150_y-0p030_pretrained,0094_short_screwdriver_llm_only_x+0p150_y-0p030,short_screwdriver,spin_vertical,llm_only,pretrained,llm_only + pretrained,0,False,1.3157894736842106,1,0.0,0.15433439429467935,6.602637579169216,0.15433272925732394,6.60263752685413,0.1543467542429404,6.6026855081776565,76,76,76,identity,,execution_failure,experiment_timeout,,experiments/results/thesis_main_v3_v2/execution/artifacts/0094_short_screwdriver_llm_only_x+0p150_y-0p030_pretrained,experiments/results/thesis_main_v3_v2/execution/artifacts/0094_short_screwdriver_llm_only_x+0p150_y-0p030_pretrained/trace.json,short_screwdriver,0,True,execution/replay/trials/0094_short_screwdriver_llm_only_x+0p150_y-0p030_pretrained.json
0095_cylinder_screwdriver_v3009_predefined_pretrained,0095_cylinder_screwdriver_v3009_predefined,cylinder_screwdriver_v3009,spin_vertical,predefined,pretrained,predefined + pretrained,0,False,1.0,1,0.0,0.18324290551531353,169.40797067828413,0.17483228521921093,169.15082636925425,0.7449056777555804,109.27039585287427,100,100,100,identity,,execution_failure,object_z_low,,experiments/results/thesis_main_v3_v2/execution/artifacts/0095_cylinder_screwdriver_v3009_predefined_pretrained,experiments/results/thesis_main_v3_v2/execution/artifacts/0095_cylinder_screwdriver_v3009_predefined_pretrained/trace.json,long_screwdriver,0,True,execution/replay/trials/0095_cylinder_screwdriver_v3009_predefined_pretrained.json
0096_cylinder_screwdriver_v3009_llm_lie_x-0p150_y-0p130_pretrained,0096_cylinder_screwdriver_v3009_llm_lie_x-0p150_y-0p130,cylinder_screwdriver_v3009,spin_vertical,llm_lie,pretrained,llm_lie + pretrained,0,False,1.0,1,0.0,0.2864069234965203,103.15670925371192,0.28002886341912336,102.28963063124299,0.8592135114109989,86.48053797829027,9,100,100,cycle_to_predefined_length,forward_repeat,execution_failure,object_z_low,,experiments/results/thesis_main_v3_v2/execution/artifacts/0096_cylinder_screwdriver_v3009_llm_lie_x-0p150_y-0p130_pretrained,experiments/results/thesis_main_v3_v2/execution/artifacts/0096_cylinder_screwdriver_v3009_llm_lie_x-0p150_y-0p130_pretrained/trace.json,long_screwdriver,0,True,execution/replay/trials/0096_cylinder_screwdriver_v3009_llm_lie_x-0p150_y-0p130_pretrained.json
0097_cylinder_screwdriver_v3009_llm_lie_x+0p000_y-0p130_pretrained,0097_cylinder_screwdriver_v3009_llm_lie_x+0p000_y-0p130,cylinder_screwdriver_v3009,spin_vertical,llm_lie,pretrained,llm_lie + pretrained,0,False,1.0,1,0.0,0.2446383343189502,99.93437265183996,0.23503740844288776,99.00836944626107,0.8802967747017838,125.08547436155392,9,100,100,cycle_to_predefined_length,forward_repeat,execution_failure,object_z_low,,experiments/results/thesis_main_v3_v2/execution/artifacts/0097_cylinder_screwdriver_v3009_llm_lie_x+0p000_y-0p130_pretrained,experiments/results/thesis_main_v3_v2/execution/artifacts/0097_cylinder_screwdriver_v3009_llm_lie_x+0p000_y-0p130_pretrained/trace.json,long_screwdriver,0,True,execution/replay/trials/0097_cylinder_screwdriver_v3009_llm_lie_x+0p000_y-0p130_pretrained.json
0098_cylinder_screwdriver_v3009_llm_lie_x+0p150_y-0p130_pretrained,0098_cylinder_screwdriver_v3009_llm_lie_x+0p150_y-0p130,cylinder_screwdriver_v3009,spin_vertical,llm_lie,pretrained,llm_lie + pretrained,0,False,1.0,1,0.0,0.2546558439790088,99.6069144500957,0.2494547765423922,97.81990658525041,0.7897314144667045,164.2410674600926,9,100,100,cycle_to_predefined_length,forward_repeat,execution_failure,object_z_low,,experiments/results/thesis_main_v3_v2/execution/artifacts/0098_cylinder_screwdriver_v3009_llm_lie_x+0p150_y-0p130_pretrained,experiments/results/thesis_main_v3_v2/execution/artifacts/0098_cylinder_screwdriver_v3009_llm_lie_x+0p150_y-0p130_pretrained/trace.json,long_screwdriver,0,True,execution/replay/trials/0098_cylinder_screwdriver_v3009_llm_lie_x+0p150_y-0p130_pretrained.json
0099_cylinder_screwdriver_v3009_llm_lie_x-0p150_y-0p080_pretrained,0099_cylinder_screwdriver_v3009_llm_lie_x-0p150_y-0p080,cylinder_screwdriver_v3009,spin_vertical,llm_lie,pretrained,llm_lie + pretrained,0,False,1.0,1,0.0,0.2569877557738442,108.14015506405956,0.250616931342908,106.56737021040043,0.8184584645317152,86.00962509937037,9,100,100,cycle_to_predefined_length,forward_repeat,execution_failure,object_z_low,,experiments/results/thesis_main_v3_v2/execution/artifacts/0099_cylinder_screwdriver_v3009_llm_lie_x-0p150_y-0p080_pretrained,experiments/results/thesis_main_v3_v2/execution/artifacts/0099_cylinder_screwdriver_v3009_llm_lie_x-0p150_y-0p080_pretrained/trace.json,long_screwdriver,0,True,execution/replay/trials/0099_cylinder_screwdriver_v3009_llm_lie_x-0p150_y-0p080_pretrained.json
0100_cylinder_screwdriver_v3009_llm_lie_x+0p000_y-0p080_pretrained,0100_cylinder_screwdriver_v3009_llm_lie_x+0p000_y-0p080,cylinder_screwdriver_v3009,spin_vertical,llm_lie,pretrained,llm_lie + pretrained,0,False,1.0,1,0.0,0.21414232099662614,106.65925255243482,0.20517945729985493,105.58560345525217,0.8185493324510483,115.47580823056337,9,100,100,cycle_to_predefined_length,forward_repeat,execution_failure,object_z_low,,experiments/results/thesis_main_v3_v2/execution/artifacts/0100_cylinder_screwdriver_v3009_llm_lie_x+0p000_y-0p080_pretrained,experiments/results/thesis_main_v3_v2/execution/artifacts/0100_cylinder_screwdriver_v3009_llm_lie_x+0p000_y-0p080_pretrained/trace.json,long_screwdriver,0,True,execution/replay/trials/0100_cylinder_screwdriver_v3009_llm_lie_x+0p000_y-0p080_pretrained.json
0101_cylinder_screwdriver_v3009_llm_lie_x+0p150_y-0p080_pretrained,0101_cylinder_screwdriver_v3009_llm_lie_x+0p150_y-0p080,cylinder_screwdriver_v3009,spin_vertical,llm_lie,pretrained,llm_lie + pretrained,0,False,1.0,1,0.0,0.2752079239351334,103.5443257212799,0.2681697906587863,102.69514320700735,0.8405750530392124,79.55521800861118,9,100,100,cycle_to_predefined_length,forward_repeat,execution_failure,object_z_low,,experiments/results/thesis_main_v3_v2/execution/artifacts/0101_cylinder_screwdriver_v3009_llm_lie_x+0p150_y-0p080_pretrained,experiments/results/thesis_main_v3_v2/execution/artifacts/0101_cylinder_screwdriver_v3009_llm_lie_x+0p150_y-0p080_pretrained/trace.json,long_screwdriver,0,True,execution/replay/trials/0101_cylinder_screwdriver_v3009_llm_lie_x+0p150_y-0p080_pretrained.json
0102_cylinder_screwdriver_v3009_llm_lie_x-0p150_y-0p030_pretrained,0102_cylinder_screwdriver_v3009_llm_lie_x-0p150_y-0p030,cylinder_screwdriver_v3009,spin_vertical,llm_lie,pretrained,llm_lie + pretrained,0,False,1.0,1,0.0,0.25389974524732073,103.28811579204054,0.24701392989297005,102.36634193961545,0.8533733617007875,138.3371463964791,9,100,100,cycle_to_predefined_length,forward_repeat,execution_failure,object_z_low,,experiments/results/thesis_main_v3_v2/execution/artifacts/0102_cylinder_screwdriver_v3009_llm_lie_x-0p150_y-0p030_pretrained,experiments/results/thesis_main_v3_v2/execution/artifacts/0102_cylinder_screwdriver_v3009_llm_lie_x-0p150_y-0p030_pretrained/trace.json,long_screwdriver,0,True,execution/replay/trials/0102_cylinder_screwdriver_v3009_llm_lie_x-0p150_y-0p030_pretrained.json
0103_cylinder_screwdriver_v3009_llm_lie_x+0p000_y-0p030_pretrained,0103_cylinder_screwdriver_v3009_llm_lie_x+0p000_y-0p030,cylinder_screwdriver_v3009,spin_vertical,llm_lie,pretrained,llm_lie + pretrained,0,False,1.0,1,0.0,0.21538500535845104,110.69892372691855,0.2038096199262592,108.5299241308586,0.8437010975663345,143.27863790518015,9,100,100,cycle_to_predefined_length,forward_repeat,execution_failure,object_z_low,,experiments/results/thesis_main_v3_v2/execution/artifacts/0103_cylinder_screwdriver_v3009_llm_lie_x+0p000_y-0p030_pretrained,experiments/results/thesis_main_v3_v2/execution/artifacts/0103_cylinder_screwdriver_v3009_llm_lie_x+0p000_y-0p030_pretrained/trace.json,long_screwdriver,0,True,execution/replay/trials/0103_cylinder_screwdriver_v3009_llm_lie_x+0p000_y-0p030_pretrained.json
0104_cylinder_screwdriver_v3009_llm_lie_x+0p150_y-0p030_pretrained,0104_cylinder_screwdriver_v3009_llm_lie_x+0p150_y-0p030,cylinder_screwdriver_v3009,spin_vertical,llm_lie,pretrained,llm_lie + pretrained,0,False,1.0,1,0.0,0.25207342707540115,101.41075749142207,0.246947057051719,100.77068752731519,0.7880199561340787,159.95823910446518,9,100,100,cycle_to_predefined_length,forward_repeat,execution_failure,object_z_low,,experiments/results/thesis_main_v3_v2/execution/artifacts/0104_cylinder_screwdriver_v3009_llm_lie_x+0p150_y-0p030_pretrained,experiments/results/thesis_main_v3_v2/execution/artifacts/0104_cylinder_screwdriver_v3009_llm_lie_x+0p150_y-0p030_pretrained/trace.json,long_screwdriver,0,True,execution/replay/trials/0104_cylinder_screwdriver_v3009_llm_lie_x+0p150_y-0p030_pretrained.json
0105_cylinder_screwdriver_v3009_llm_only_x-0p150_y-0p130_pretrained,0105_cylinder_screwdriver_v3009_llm_only_x-0p150_y-0p130,cylinder_screwdriver_v3009,spin_vertical,llm_only,pretrained,llm_only + pretrained,0,False,1.0,1,0.0,0.2119774402156241,166.55138467159236,0.19699712536200584,165.40695605088655,0.8508716729241008,73.23424715414829,100,100,100,identity,,execution_failure,object_z_low,,experiments/results/thesis_main_v3_v2/execution/artifacts/0105_cylinder_screwdriver_v3009_llm_only_x-0p150_y-0p130_pretrained,experiments/results/thesis_main_v3_v2/execution/artifacts/0105_cylinder_screwdriver_v3009_llm_only_x-0p150_y-0p130_pretrained/trace.json,long_screwdriver,0,True,execution/replay/trials/0105_cylinder_screwdriver_v3009_llm_only_x-0p150_y-0p130_pretrained.json
0106_cylinder_screwdriver_v3009_llm_only_x+0p000_y-0p130_pretrained,0106_cylinder_screwdriver_v3009_llm_only_x+0p000_y-0p130,cylinder_screwdriver_v3009,spin_vertical,llm_only,pretrained,llm_only + pretrained,0,False,1.0,1,0.0,0.20857187596770255,166.54382079243663,0.19488969882376378,165.47596321610055,0.8144994903288814,79.52694590894254,100,100,100,identity,,execution_failure,object_z_low,,experiments/results/thesis_main_v3_v2/execution/artifacts/0106_cylinder_screwdriver_v3009_llm_only_x+0p000_y-0p130_pretrained,experiments/results/thesis_main_v3_v2/execution/artifacts/0106_cylinder_screwdriver_v3009_llm_only_x+0p000_y-0p130_pretrained/trace.json,long_screwdriver,0,True,execution/replay/trials/0106_cylinder_screwdriver_v3009_llm_only_x+0p000_y-0p130_pretrained.json
0107_cylinder_screwdriver_v3009_llm_only_x+0p150_y-0p130_pretrained,0107_cylinder_screwdriver_v3009_llm_only_x+0p150_y-0p130,cylinder_screwdriver_v3009,spin_vertical,llm_only,pretrained,llm_only + pretrained,0,False,1.0,1,0.0,0.20424980524720152,162.97615978604355,0.18552889596542216,159.56607029918158,0.8538846431443681,173.1990915287667,100,100,100,identity,,execution_failure,object_z_low,,experiments/results/thesis_main_v3_v2/execution/artifacts/0107_cylinder_screwdriver_v3009_llm_only_x+0p150_y-0p130_pretrained,experiments/results/thesis_main_v3_v2/execution/artifacts/0107_cylinder_screwdriver_v3009_llm_only_x+0p150_y-0p130_pretrained/trace.json,long_screwdriver,0,True,execution/replay/trials/0107_cylinder_screwdriver_v3009_llm_only_x+0p150_y-0p130_pretrained.json
0108_cylinder_screwdriver_v3009_llm_only_x-0p150_y-0p080_pretrained,0108_cylinder_screwdriver_v3009_llm_only_x-0p150_y-0p080,cylinder_screwdriver_v3009,spin_vertical,llm_only,pretrained,llm_only + pretrained,0,False,1.0,1,0.0,0.20857267043537883,166.54605886320942,0.1950110544908288,165.35850922830087,0.8320662653882539,59.421601654100485,100,100,100,identity,,execution_failure,object_z_low,,experiments/results/thesis_main_v3_v2/execution/artifacts/0108_cylinder_screwdriver_v3009_llm_only_x-0p150_y-0p080_pretrained,experiments/results/thesis_main_v3_v2/execution/artifacts/0108_cylinder_screwdriver_v3009_llm_only_x-0p150_y-0p080_pretrained/trace.json,long_screwdriver,0,True,execution/replay/trials/0108_cylinder_screwdriver_v3009_llm_only_x-0p150_y-0p080_pretrained.json
0109_cylinder_screwdriver_v3009_llm_only_x+0p000_y-0p080_pretrained,0109_cylinder_screwdriver_v3009_llm_only_x+0p000_y-0p080,cylinder_screwdriver_v3009,spin_vertical,llm_only,pretrained,llm_only + pretrained,0,False,1.0,1,0.0,0.18265838000140638,171.62664635566892,0.1740858491650233,171.55503427804035,0.7629960483918977,174.89192623944308,100,100,100,identity,,execution_failure,object_z_low,,experiments/results/thesis_main_v3_v2/execution/artifacts/0109_cylinder_screwdriver_v3009_llm_only_x+0p000_y-0p080_pretrained,experiments/results/thesis_main_v3_v2/execution/artifacts/0109_cylinder_screwdriver_v3009_llm_only_x+0p000_y-0p080_pretrained/trace.json,long_screwdriver,0,True,execution/replay/trials/0109_cylinder_screwdriver_v3009_llm_only_x+0p000_y-0p080_pretrained.json
0110_cylinder_screwdriver_v3009_llm_only_x+0p150_y-0p080_pretrained,0110_cylinder_screwdriver_v3009_llm_only_x+0p150_y-0p080,cylinder_screwdriver_v3009,spin_vertical,llm_only,pretrained,llm_only + pretrained,0,False,1.0,1,0.0,0.19211813758702428,164.458887985509,0.17763709095099525,162.49901391461634,0.8300758955175964,164.12490377111718,100,100,100,identity,,execution_failure,object_z_low,,experiments/results/thesis_main_v3_v2/execution/artifacts/0110_cylinder_screwdriver_v3009_llm_only_x+0p150_y-0p080_pretrained,experiments/results/thesis_main_v3_v2/execution/artifacts/0110_cylinder_screwdriver_v3009_llm_only_x+0p150_y-0p080_pretrained/trace.json,long_screwdriver,0,True,execution/replay/trials/0110_cylinder_screwdriver_v3009_llm_only_x+0p150_y-0p080_pretrained.json
0111_cylinder_screwdriver_v3009_llm_only_x-0p150_y-0p030_pretrained,0111_cylinder_screwdriver_v3009_llm_only_x-0p150_y-0p030,cylinder_screwdriver_v3009,spin_vertical,llm_only,pretrained,llm_only + pretrained,0,False,1.0,1,0.0,0.20827446740105024,166.64438696772882,0.19481582009513013,165.46719803464458,0.8318327316020572,57.25154854244244,100,100,100,identity,,execution_failure,object_z_low,,experiments/results/thesis_main_v3_v2/execution/artifacts/0111_cylinder_screwdriver_v3009_llm_only_x-0p150_y-0p030_pretrained,experiments/results/thesis_main_v3_v2/execution/artifacts/0111_cylinder_screwdriver_v3009_llm_only_x-0p150_y-0p030_pretrained/trace.json,long_screwdriver,0,True,execution/replay/trials/0111_cylinder_screwdriver_v3009_llm_only_x-0p150_y-0p030_pretrained.json
0112_cylinder_screwdriver_v3009_llm_only_x+0p000_y-0p030_pretrained,0112_cylinder_screwdriver_v3009_llm_only_x+0p000_y-0p030,cylinder_screwdriver_v3009,spin_vertical,llm_only,pretrained,llm_only + pretrained,0,False,1.0,1,0.0,0.17770547806053205,171.1575224172516,0.1702118426247584,171.083434697298,0.7221484027379461,164.26900148693736,100,100,100,identity,,execution_failure,object_z_low,,experiments/results/thesis_main_v3_v2/execution/artifacts/0112_cylinder_screwdriver_v3009_llm_only_x+0p000_y-0p030_pretrained,experiments/results/thesis_main_v3_v2/execution/artifacts/0112_cylinder_screwdriver_v3009_llm_only_x+0p000_y-0p030_pretrained/trace.json,long_screwdriver,0,True,execution/replay/trials/0112_cylinder_screwdriver_v3009_llm_only_x+0p000_y-0p030_pretrained.json
0113_cylinder_screwdriver_v3009_llm_only_x+0p150_y-0p030_pretrained,0113_cylinder_screwdriver_v3009_llm_only_x+0p150_y-0p030,cylinder_screwdriver_v3009,spin_vertical,llm_only,pretrained,llm_only + pretrained,0,False,1.0,1,0.0,0.1912427515643729,168.12703419043683,0.17606625451789745,167.25214230266545,0.8423996818890953,131.6016779200216,100,100,100,identity,,execution_failure,object_z_low,,experiments/results/thesis_main_v3_v2/execution/artifacts/0113_cylinder_screwdriver_v3009_llm_only_x+0p150_y-0p030_pretrained,experiments/results/thesis_main_v3_v2/execution/artifacts/0113_cylinder_screwdriver_v3009_llm_only_x+0p150_y-0p030_pretrained/trace.json,long_screwdriver,0,True,execution/replay/trials/0113_cylinder_screwdriver_v3009_llm_only_x+0p150_y-0p030_pretrained.json
